id,domain,status,purchase_price,renewal_price,attractiveness,demand,length,registrar,created_at,expires_at,status_verified_at
adc56782-753f-47bd-83ca-ad26bf52b9f1,bahia.business,available,19.49,19.49,medium,low,5,namesilo,,,27/09/2026 18:32
702a0611-0cf7-4934-a28f-e6fa7cc00b5a,fiedler.business,available,3.98,25.98,high,low,7,namecheap,,,20/09/2026 10:50
c6576e0e-12c9-4895-855c-293c36240915,renovation.business,premium,15.34,15.34,high,low,10,namesilo,,,30/09/2026 16:00
8a64d9c7-b217-4a7c-8bbd-aa5038700318,resentment.business,available,19.49,19.49,medium,low,10,namesilo,,,23/09/2026 23:03
7fe204af-7e2c-4480-a146-6fc23bad9bf5,norseman.business,available,3.98,25.98,high,low,8,namecheap,,,03/09/2026 21:43
2565158a-b378-495b-b495-548af8191173,outdoorsy.business,available,3.98,25.98,high,low,9,namecheap,,,04/09/2026 19:14
3d61bad4-db34-4320-8fcd-b0afe5af4157,comes.business,available,19.49,19.49,high,low,5,namesilo,,,17/09/2026 22:46
6f4e5ff4-9b43-4d8d-99d3-f7e5e73beac0,cytokines.business,available,15.2,15.2,low,low,9,cloudflare,,,29/09/2026 06:01
6b9eba1f-5eb4-4dd8-92e3-50d271344df6,pickings.business,available,3.98,25.98,medium,low,8,namecheap,,,11/09/2026 07:21
2e731cb5-e2dd-42fb-bfde-4249a5713fdc,zealot.business,available,3.98,25.98,medium,low,6,namecheap,,,08/09/2026 02:10
1ea312ab-b179-4f0c-b992-d9cfe820dc30,starkers.business,available,3.98,25.98,low,low,8,namecheap,,,10/09/2026 18:51
b5e0cb6a-6ab4-4a79-81f0-9b3632130247,stingless.business,available,3.98,25.98,medium,low,9,namecheap,,,10/09/2026 20:48
a294e871-64fa-435f-b61f-ccea6667caf4,affects.business,available,19.49,19.49,medium,low,7,namesilo,,,20/09/2026 03:57
39c80e86-1f1e-4025-be8b-bf2fe50756cb,flamboyant.business,available,3.98,25.98,high,low,10,namecheap,,,22/09/2026 12:57
7890b7e2-2257-4fcb-a73e-ff603098c4ab,fumed.business,available,3.98,25.98,medium,low,5,namecheap,,,18/08/2026 18:20
e905f8d8-ab62-4221-8775-1ef857a297d3,courtenay.business,available,19.49,19.49,medium,low,9,namesilo,,,29/09/2026 22:46
c53d3acd-2bff-46a6-8a7c-6f009cf47fae,stainable.business,available,3.98,25.98,low,low,9,namecheap,,,10/09/2026 18:12
360130a3-4ca8-46a7-8529-a23fb0947275,needed.business,available,3.98,25.98,high,low,6,namecheap,,,03/09/2026 14:49
9ab829a0-7f87-455d-a625-c88c542754dc,alnus.business,available,19.49,19.49,medium,low,5,namesilo,,,18/09/2026 12:53
a14c73f9-befe-4c30-a50f-16b81b61b75a,subtitles.business,available,2.57,15.96,medium,low,9,porkbun,,,28/09/2026 18:07
0bfb3a92-17e8-4cff-9e8b-6de5c4ffd70e,stadia.business,available,3.98,25.98,high,low,6,namecheap,,,17/09/2026 09:03
661ca54b-f0da-47d2-95b3-26df6ec6345a,goonie.business,available,19.49,19.49,medium,low,6,namesilo,,,23/09/2026 23:45
0b7f4536-55d5-4e2f-aad5-55b213775f31,fireball.business,available,19.49,19.49,high,low,8,namesilo,,,21/09/2026 22:35
3d7290f4-f539-46e5-a0c5-3ca00926b0ad,galling.business,available,3.98,25.98,high,low,7,namecheap,,,
85545450-4d6f-43c1-b1f1-37fbd22ee141,reside.business,available,19.49,19.49,high,low,6,namesilo,,,24/09/2026 23:25
3a80bb45-d20c-4dd3-b0b7-ced3129a0fb8,anthriscus.business,available,19.49,19.49,medium,low,10,namesilo,,,19/09/2026 13:53
8fbc3e37-5bb9-41bb-8e23-76e075b50cc6,weatherly.business,available,3.98,25.98,medium,low,9,namecheap,,,13/09/2026 09:23
ad870967-30f8-4880-8e9f-869f88fb9060,unhinge.business,available,19.49,19.49,medium,low,7,namesilo,,,24/09/2026 22:50
b8b0bb5b-b18d-4eae-aa23-ef09b5882628,hanging.business,available,3.98,25.98,medium,low,7,namecheap,,,25/09/2026 04:41
281273d2-09c0-4b3a-b012-07eaf7cbcca8,policies.business,available,3.98,25.98,medium,low,8,namecheap,,,04/09/2026 07:55
c49eeb93-8a86-48d6-ae5a-e2c05facc1a2,unloose.business,available,3.98,25.98,medium,low,7,namecheap,,,18/08/2026 14:34
29c92954-a39f-465a-98e3-8cc4a4793a3e,nova.business,resell,,,high,medium,4,,,,29/09/2026 01:44
076e8a9e-d964-40a6-b159-e56281eda50b,ailurus.business,available,3.98,25.98,medium,low,7,namecheap,,,17/09/2026 21:19
64c8be6e-5407-42e6-b4cd-d5a1b1e9ed5c,aragonite.business,available,19.49,19.49,medium,low,9,namesilo,,,19/09/2026 23:43
b623e2b7-6a87-4ba0-a63c-f8b493970d13,unlit.business,available,3.98,25.98,medium,low,5,namecheap,,,12/09/2026 13:03
ca1e5555-c590-449c-9bd3-41540b270a64,belting.business,available,19.49,19.49,high,low,7,namesilo,,,23/09/2026 07:06
e6438355-c8f8-4d82-a8ad-773c518165be,soluble.business,available,3.98,25.98,medium,low,7,namecheap,,,10/09/2026 13:45
3e221e3a-9aec-4d48-b849-5667eb5fff56,cosset.business,available,19.49,19.49,high,low,6,namesilo,,,21/09/2026 13:00
78da4b97-ecbd-4dd5-9ef5-157e1f5da5f0,increases.business,available,19.49,19.49,high,low,9,namesilo,,,29/09/2026 10:46
9ed47dba-ef5f-4fe0-a274-5af1a51a5f5e,distributions.business,available,19.49,19.49,medium,low,13,namesilo,,,25/09/2026 21:52
83d25b2f-4e57-4a75-a6e7-3bd6ada38bd6,visualize.business,resell,,,high,low,9,"eNom, LLC",05/04/2021 05:52,05/04/2027 05:52,26/09/2026 10:01
06d782b9-e60d-4c89-b98c-12fbfa64f630,emporium.business,available,19.49,19.49,high,low,8,namesilo,,,29/09/2026 02:36
2deed9d3-ed2a-4357-ae74-cce4fa7c20a3,passionate.business,available,19.49,19.49,high,low,10,namesilo,,,27/09/2026 02:53
6020d581-dd58-448d-84e9-57cf5d1b2fc6,masterful.business,available,3.98,25.98,high,low,9,namecheap,,,23/09/2026 21:35
6cfb98c3-d674-40ae-ba01-29cf38431fbb,nis.business,premium,13.66,13.66,high,low,3,spaceship,,,29/09/2026 14:58
750c3cfd-f7b5-4f5c-8d3b-79f41e7f907d,sentencing.business,available,2.57,15.96,high,low,10,porkbun,,,29/09/2026 23:41
469b34ca-820f-4772-8e63-7688c5c7127b,whichever.business,available,15.2,15.2,medium,low,9,cloudflare,,,01/10/2026 05:05
b6e1b152-2182-40ed-a6f6-2f00dd02e088,vhs.business,premium,16.9,16.9,high,low,3,namecheap,,,16/09/2026 06:26
506d4d06-7b41-4a0f-bb1c-4a44d0c49e0a,lutheran.business,available,3.98,25.98,high,low,8,namecheap,,,24/08/2026 12:23
d1e4e5f7-1352-4a95-90f7-86db56b35e26,winkle.business,available,3.98,25.98,medium,low,6,namecheap,,,18/08/2026 06:48
5c88e69b-22ae-47e0-a7a9-f5de04d0ac08,inviting.business,available,19.49,19.49,high,low,8,namesilo,,,25/09/2026 11:14
bfc4e7da-0178-4bd8-865d-a40bc82e214c,tyke.business,available,3.98,25.98,medium,low,4,namecheap,,,25/08/2026 00:14
82fbc007-eed5-4531-9b22-03e4adb133dd,edmund.business,available,3.98,25.98,medium,low,6,namecheap,,,25/09/2026 19:09
b8e9b368-8d82-4260-91d8-bc97045cf039,decayable.business,available,3.98,25.98,low,low,9,namecheap,,,13/08/2026 20:54
07e04f5e-b411-4e9b-ab3d-abbdf598dd9e,derived.business,available,3.98,25.98,medium,low,7,namecheap,,,14/08/2026 03:07
8a04116e-3680-4c2f-9250-bf37653afe3b,butterball.business,available,3.98,25.98,medium,low,10,namecheap,,,17/08/2026 23:59
93941583-1948-4dd3-8e00-87b6b04b378e,subordinate.business,available,3.31,15.73,high,low,11,spaceship,,,30/09/2026 11:42
5cda3b08-ccc1-46d3-a273-bee5e676d42d,utes.business,available,15.2,15.2,medium,low,4,cloudflare,,,30/09/2026 07:10
f8b70a83-084d-4288-a279-29f899acf158,coproduction.business,available,15.2,15.2,medium,low,13,cloudflare,,,30/09/2026 14:49
b7138296-faf6-4ccc-932d-38d6c0939dd7,punctually.business,available,3.98,25.98,medium,low,10,namecheap,,,14/09/2026 14:45
5388720c-23d1-4bd0-b817-002dc3d326bc,unblended.business,available,3.98,25.98,medium,low,9,namecheap,,,12/09/2026 02:12
bcdbb444-a717-4ea4-b403-d340eec0b8d2,medals.business,available,3.99,,high,low,6,name.com,,,
9ed52763-6cae-4006-b171-baa7ba3ac3af,brotherly.business,available,3.98,25.98,high,low,9,namecheap,,,11/08/2026 06:18
554094e0-3d32-46ce-8adc-5cacad03e962,modesto.business,available,3.31,15.73,medium,low,7,spaceship,,,29/09/2026 15:37
b6d3fc62-b818-4e07-95f3-93eeae19d559,adequately.business,available,19.49,19.49,medium,low,10,namesilo,,,28/09/2026 11:47
2fdeeb81-5936-4394-b5d2-0c379d8f63d0,seas.business,available,3.99,27.99,medium,low,4,name.com,,,
0c708abc-a16f-4def-8f7b-09f85e1ea3a4,bourne.business,available,2.5,16.27,medium,low,6,dynadot,,,30/09/2026 08:47
c9f86361-cd3e-4177-a4d9-5ca2a3668dea,garb.business,available,3.98,25.98,high,low,4,namecheap,,,19/09/2026 19:56
a38d0038-0f24-4f34-9516-201a9f381b97,astatine.business,available,19.49,19.49,medium,low,8,namesilo,,,20/09/2026 16:55
5ff9bec1-98b4-4e00-8892-daf5720cff22,hearn.business,available,3.98,25.98,medium,low,5,namecheap,,,29/09/2026 15:40
40180ce1-b5b5-4692-8436-9d723e676b17,achaea.business,available,19.49,19.49,medium,low,6,namesilo,,,17/09/2026 00:27
df81cdb4-2f68-4b82-801a-21d52ffeda0f,kew.business,available,15.34,15.34,high,low,3,namesilo,,,28/09/2026 11:39
83e5e2fe-1573-43a1-b156-8db1a4cf05c4,intended.business,available,19.49,19.49,high,low,8,namesilo,,,25/09/2026 09:53
1ea11ba0-c93e-4130-9a49-5e2bb0b73ebf,congregation.business,available,3.99,,high,low,12,name.com,,,
401110aa-f16d-4a7a-8e7e-da3957ced733,spurting.business,available,3.98,25.98,medium,low,8,namecheap,,,22/08/2026 13:13
c920cfa1-7948-4c08-8bbb-5d760de13ed6,nookie.business,available,3.98,25.98,medium,low,6,namecheap,,,18/08/2026 17:31
1526d137-e08d-4bfa-b7f0-3a6e92e01e4c,scraping.business,available,15.2,15.2,high,low,8,cloudflare,,,30/09/2026 02:48
9a6b0a8a-9c64-4e64-8ce3-0e0c9b9b74b0,cried.business,available,15.2,15.2,medium,low,5,cloudflare,,,27/09/2026 23:35
3597d986-3926-4504-9166-7d424eeb6818,rajasthan.business,available,15.2,15.2,medium,low,9,cloudflare,,,29/09/2026 03:42
a84ed00e-6ba5-4937-be39-fa8ad9287c67,offended.business,available,3.98,25.98,medium,low,8,namecheap,,,04/09/2026 01:24
10b4e1b4-7fa0-4351-a2a0-dd49a2e8e5a9,tractive.business,available,3.98,25.98,medium,low,8,namecheap,,,11/09/2026 18:40
6d8faae8-fd5d-4f41-b6be-bb196ffea1e8,pitches.business,available,2.5,16.27,medium,low,7,dynadot,,,30/09/2026 14:41
8eb40643-74a8-43cb-875f-14dad1b2cbf8,cashable.business,available,3.98,25.98,high,low,8,namecheap,,,11/08/2026 20:12
c897d56b-2954-47bd-872f-4b503d30d519,plugin.business,premium,15.34,15.34,high,low,7,namesilo,,,17/09/2026 06:36
aa343dc6-32f1-4b40-832a-2439f722e11f,gracious.business,available,19.49,19.49,high,low,8,namesilo,,,24/09/2026 00:42
cd11a3dc-6fd1-46a8-90dc-b5f15a204a55,thong.business,available,3.31,15.73,high,low,5,spaceship,,,29/09/2026 20:22
7f4e363c-4ea8-444a-b11f-7812ec6dfb27,ammeter.business,available,19.49,19.49,medium,low,7,namesilo,,,18/09/2026 22:00
f71181d1-bd21-4630-94ea-93d6fa5d87e7,fledgling.business,available,3.98,25.98,high,low,9,namecheap,,,11/08/2026 14:45
53baa88a-01e6-4e31-87b2-24b02f9ac97c,broadwise.business,available,3.98,25.98,medium,low,9,namecheap,,,14/09/2026 01:26
5bdbfdee-980c-4945-b6be-63276411c5da,debatable.business,available,3.99,27.99,medium,low,9,name.com,,,13/08/2026 20:12
b26cb76f-7311-4c82-8d48-cc4ddc1739af,versailles.business,available,3.31,15.73,high,low,10,spaceship,,,29/09/2026 19:53
c3c445c0-6b13-4e20-b36c-7a0476ba1d37,sleigh.business,available,15.2,15.2,high,low,6,cloudflare,,,30/09/2026 11:02
72bc7911-3799-4bf4-96f4-0e268872a9eb,withering.business,available,3.98,25.98,medium,low,9,namecheap,,,
8f6e8325-c9dc-479e-b771-66ed26dc4d96,woops.business,available,3.99,,medium,low,5,name.com,,,
5383963a-564b-413b-aa08-a243ad8f2a02,caution.business,available,19.49,19.49,high,low,7,namesilo,,,24/09/2026 12:53
11663ccf-b951-4578-bbf6-3620268f67e7,angelus.business,available,19.49,19.49,high,low,7,namesilo,,,19/09/2026 06:03
486a43c6-bcfb-4bda-b55e-03f2f0b1b83b,wide.business,premium,15.34,15.34,high,low,4,namesilo,,,28/09/2026 16:18
2981cc3c-7cfd-46ff-92b8-2506f63078ae,swanky.business,available,3.98,25.98,high,low,6,namecheap,,,11/09/2026 05:15
f899eb00-197b-4b28-a7e0-0ec59f2edf6e,slowcoach.business,available,3.98,25.98,medium,low,9,namecheap,,,10/09/2026 20:27
d4e21a3d-9330-44ec-a3ba-e793a4abc137,nuisance.business,available,15.2,15.2,medium,low,8,cloudflare,,,29/09/2026 19:51
ad02a042-d13b-4535-8ec7-869776e1d80a,lambert.business,available,2.57,15.96,high,low,7,porkbun,,,28/09/2026 13:45
7da052d7-467e-432f-b016-d5207c0993b2,barrier.business,available,3.98,25.98,medium,low,7,namecheap,,,29/09/2026 01:15
7ea34887-7c09-49d3-8958-36942c4780a8,allosaurus.business,available,19.49,19.49,medium,low,10,namesilo,,,18/09/2026 12:05
06b31942-6dce-4801-8ea9-179068c22a43,invidious.business,available,3.98,25.98,medium,low,9,namecheap,,,22/08/2026 09:04
f87431b0-cae2-4e0b-b743-20a7ecd5f1ac,pins.business,available,19.49,19.49,high,low,4,namesilo,,,18/09/2026 08:25
c4b4db1b-01d6-4362-a904-5c771a4d16da,indicated.business,available,19.49,19.49,medium,low,9,namesilo,,,28/09/2026 12:56
3f601d17-bbbf-4c90-8c61-20633f79a1f7,reversely.business,available,3.98,25.98,medium,low,9,namecheap,,,15/09/2026 23:37
92733893-51f2-4c9c-8c93-3e3dd3dc4783,cooled.business,available,19.49,19.49,medium,low,6,namesilo,,,30/09/2026 06:31
756ce99e-43d5-4738-97fb-0b97b34608e8,dominating.business,available,3.98,25.98,medium,low,10,namecheap,,,07/08/2026 19:40
4a758294-3e51-49c9-b151-7f789e66c530,hapter.business,available,15.2,15.2,medium,low,6,cloudflare,,,30/09/2026 20:38
1295b1f1-3a89-4c37-8e1f-86c8b574c7e7,ryukyu.business,available,2.57,15.96,medium,low,6,porkbun,,,30/09/2026 21:22
710e543c-94eb-40fd-b288-4019c231a5a6,gnomish.business,available,3.98,25.98,medium,low,7,namecheap,,,20/08/2026 15:45
784a328c-5add-4948-aa65-8a81de77dc4d,foyer.business,available,19.49,19.49,high,low,5,namesilo,,,19/09/2026 12:45
1195d7a9-8042-4d04-84fd-4d1ba417099f,obituary.business,available,2.57,15.96,high,low,8,porkbun,,,29/09/2026 13:33
cb19516d-6384-4f4b-87b1-df055c32fbbb,depository.business,available,3.98,25.98,high,low,10,namecheap,,,24/09/2026 21:58
3254700b-76d6-4bf9-b988-3fc4f7718648,chromatic.business,available,3.98,25.98,high,low,9,namecheap,,,12/08/2026 07:22
4ff0457e-3783-4b9c-9d4b-d54994fbc3d9,trader.business,resell,,,high,low,6,"Spaceship, Inc.",06/12/2023 15:15,06/12/2026 15:15,29/09/2026 01:10
5208aae3-d40b-4ec6-9841-4fae98ef1bac,makeover.business,available,3.99,,high,low,9,name.com,,,
6f0722c4-694a-42f7-b339-b9eb5ea46d62,sufferer.business,available,19.49,19.49,medium,low,8,namesilo,,,24/09/2026 22:36
caded849-56dd-411b-a5f0-cd525dec0316,bookmark.business,available,19.49,19.49,high,low,8,namesilo,,,24/09/2026 07:12
cbe0447c-696a-42f4-bc95-2db8f66688dc,habitual.business,available,3.98,25.98,high,low,8,namecheap,,,20/08/2026 21:28
ee51f44c-483e-404d-81c6-a925ef4f2942,peafowl.business,available,3.98,25.98,high,low,7,namecheap,,,23/09/2026 20:05
eee7e18e-84f0-4145-aab6-65e3d31432cc,henrietta.business,available,19.49,19.49,high,low,9,namesilo,,,25/09/2026 17:42
67aaa8c0-c818-42b5-be0f-91fa32b0887e,teamwork.business,premium,13.66,13.66,high,low,8,spaceship,,,30/09/2026 12:52
d8bf1f55-b159-4eb9-b2c1-7f4454e2e8c9,estival.business,available,3.98,25.98,medium,low,7,namecheap,,,
f71f1fda-7ef3-4570-8b2d-ac653df2e967,mangold.business,available,19.49,19.49,medium,low,7,namesilo,,,23/09/2026 11:02
6dc33b56-bfc2-4371-a68f-94139f84cb88,hebraic.business,available,3.98,25.98,medium,low,7,namecheap,,,21/08/2026 05:40
4fefd8ba-d1d6-4286-bf70-076857fe701f,mazda.business,available,19.49,19.49,high,low,5,namesilo,,,28/09/2026 16:04
6bbab4cd-3956-43f5-98eb-097baaff6925,sheriff.business,available,15.2,15.2,high,low,7,cloudflare,,,27/09/2026 15:50
8475f48b-7c79-4cca-becb-fdcf1ac4d48e,proclaiming.business,available,3.99,,high,low,11,name.com,,,
f7c849f7-1c81-4ebe-90a3-daec96e69ef0,numbered.business,available,2.57,15.96,medium,low,8,porkbun,,,29/09/2026 10:20
b31deeac-5b2e-4bee-8fdd-ecfa950a7e69,benedict.business,available,19.49,19.49,high,low,8,namesilo,,,23/09/2026 07:52
bfb9bd94-1d0d-4ee1-8f0a-3d449a8bcc9f,virtues.business,available,15.2,15.2,medium,low,7,cloudflare,,,29/09/2026 16:33
fb0c6851-7947-45fc-88e1-4098f1a1256e,footing.business,available,3.98,25.98,high,low,7,namecheap,,,22/09/2026 11:02
d59f4a2a-ecac-4a68-9929-117313249b05,audiences.business,available,3.31,15.73,medium,low,9,spaceship,,,29/09/2026 11:20
54fae4a0-781c-49ee-97ef-1e9c189af58e,arachnida.business,available,19.49,19.49,medium,low,9,namesilo,,,19/09/2026 23:41
ce20b776-21a4-49a4-8931-424d07860854,augend.business,available,19.49,19.49,medium,low,6,namesilo,,,21/09/2026 03:16
840ed46c-8624-43fa-aa88-8ca4a954cb16,cleared.business,available,3.98,25.98,high,low,7,namecheap,,,28/09/2026 14:48
73994cd6-2f07-4a2e-b1ad-0ef4a7e8c343,nontaxable.business,available,3.98,25.98,medium,low,10,namecheap,,,03/09/2026 20:54
7e2d8ce8-33da-47c8-9ed3-2245b135b19f,ser.business,premium,102.67,102.67,high,low,3,spaceship,,,01/10/2026 00:20
099ffc92-c26c-4cfe-9afc-6ee4474e8dd3,focused.business,premium,512,512,high,low,7,namesilo,,,28/09/2026 05:57
ac7c6ae6-509e-4990-9bb9-dd7ba3c21f03,asafoetida.business,available,19.49,19.49,medium,low,10,namesilo,,,20/09/2026 12:43
5d512d7f-d9fe-40ae-9b29-326c5a215f18,permutable.business,available,3.98,25.98,medium,low,10,namecheap,,,08/09/2026 17:50
bf7c64a0-9415-481a-95cb-51edc4975d79,softer.business,available,2.5,16.27,medium,low,6,dynadot,,,30/09/2026 06:29
75ac9167-49c3-4206-a95c-ce20f8a29900,mouths.business,available,3.98,25.98,medium,low,6,namecheap,,,18/09/2026 08:01
b9ffc590-3037-4357-a9fd-6196ff9db84b,ado.business,premium,118.8,118.8,high,low,3,namesilo,,,17/09/2026 09:17
7437ce5a-6b1f-410d-81f2-3f3cfcdf31b3,semiformal.business,available,3.98,25.98,high,low,10,namecheap,,,10/08/2026 11:42
d37e26cf-e917-46cc-be2f-1bbed939df2a,undulate.business,available,3.98,25.98,medium,low,8,namecheap,,,12/09/2026 08:33
e26e9611-46c8-4e8c-ad55-c256c1b0ee1c,swazi.business,available,3.98,25.98,high,low,5,namecheap,,,11/09/2026 05:27
0bcc4f0e-4357-4b22-a569-2403a51c09bf,bitmap.business,available,19.49,19.49,high,low,6,namesilo,,,23/09/2026 22:40
76a0961d-38e6-4fc9-a994-ed980412cc6f,liaison.business,premium,16.9,16.9,high,low,7,namecheap,,,17/09/2026 14:03
5e3fff71-dc22-409c-b09e-25e5560c8414,victual.business,available,3.98,25.98,medium,low,7,namecheap,,,12/08/2026 18:51
002f5990-c144-4cb9-805f-fd715a041c93,swimmer.business,available,19.49,19.49,high,low,7,namesilo,,,22/09/2026 13:29
4c1f4e37-8efb-4a71-8b9f-f41bbc4b20ec,amerindian.business,available,3.98,25.98,medium,low,10,namecheap,,,03/09/2026 13:51
439640f0-38fd-4760-87f8-3573e984a6ba,bartley.business,available,19.49,19.49,medium,low,7,namesilo,,,30/09/2026 21:53
4949dba9-a09b-4632-b156-0a251f472a22,apolune.business,available,3.98,25.98,medium,low,7,namecheap,,,19/09/2026 18:55
10548e14-160e-4aa3-952e-c4fad2295ab0,gmt.business,premium,13.66,13.66,medium,low,3,spaceship,,,28/09/2026 14:18
d4c75ba3-fc63-463a-a9d3-066b14e2e404,saving.business,premium,500,,high,low,6,name.com,,,27/09/2026 18:08
50ad5bc6-21c4-426d-80da-d4f8477b47bc,champlain.business,available,19.49,19.49,medium,low,9,namesilo,,,28/09/2026 01:38
03ef7212-c9be-491d-b9b7-4510baa29545,gestapo.business,available,19.49,19.49,medium,low,7,namesilo,,,29/09/2026 12:44
27fc9d07-3630-4f53-8af2-a8a8bfbf6d00,amphibious.business,available,3.98,25.98,medium,low,10,namecheap,,,
47ac1bc3-8139-4cb6-bea6-d2a9b66b01ff,diplomatic.business,available,19.49,19.49,high,low,10,namesilo,,,24/09/2026 10:36
942ae056-cdd5-4727-9e20-e4a844c781cc,engels.business,available,15.2,15.2,medium,low,6,cloudflare,,,28/09/2026 14:01
50e48a75-246d-441a-a3b6-251e30361e2f,topping.business,available,3.98,25.98,high,low,7,namecheap,,,11/09/2026 17:36
e2e185d0-59a9-4bf9-8763-49f6eaf0c3d8,adolescence.business,available,2.57,15.96,high,low,11,porkbun,,,30/09/2026 14:46
f0d710ab-0687-4fa8-844d-5376d33a7508,soignee.business,available,3.98,25.98,medium,low,7,namecheap,,,10/09/2026 13:30
262e60df-d9af-4dc2-9246-e957dec55e75,incomplete.business,available,3.98,25.98,medium,low,10,namecheap,,,22/08/2026 01:53
06b5ddff-29d7-4b83-abf0-718cd88e09ef,filesharing.business,available,19.49,19.49,high,low,12,namesilo,,,18/09/2026 10:05
4d16b217-69f3-4c87-a042-da35100a9b7c,anchovy.business,available,19.49,19.49,high,low,7,namesilo,,,19/09/2026 03:46
2038cb10-9f4a-4991-8653-da4c524265b0,dioecious.business,available,3.98,25.98,medium,low,9,namecheap,,,14/08/2026 08:20
e8c2802f-2fbe-4d40-a6c2-27cb3a40711c,blae.business,available,3.98,25.98,medium,low,4,namecheap,,,10/08/2026 12:24
009cb096-1307-4646-b687-8898eb57b9e1,motherwell.business,available,3.98,25.98,medium,low,10,namecheap,,,30/09/2026 18:05
182a6c3e-474c-46ae-b579-086811127b43,dependency.business,available,19.49,19.49,medium,low,10,namesilo,,,17/09/2026 06:56
a8006001-2dcd-4d8c-9cdb-d584134e5e4c,wisconsin.business,premium,512,512,high,low,9,namesilo,,,21/09/2026 17:10
d8c9bc09-75fe-4133-ba21-c3446143648d,buttery.business,available,3.98,25.98,medium,low,7,namecheap,,,19/09/2026 18:30
88c96c0e-953e-44ef-a62f-a97520b27234,crackpot.business,available,3.98,25.98,medium,low,8,namecheap,,,10/09/2026 00:10
ee0e3f41-623f-4b90-9504-f7b9b71c68d6,bountiful.business,available,3.98,25.98,high,low,9,namecheap,,,09/08/2026 20:52
865668b4-11ab-4c94-b046-e5256bfefe29,notified.business,available,3.31,15.73,medium,low,8,spaceship,,,28/09/2026 05:08
79d5fd63-b0f3-43d3-aa84-d94cdb3a593c,bioethics.business,available,3.98,25.98,high,low,9,namecheap,,,23/09/2026 17:56
af5d22e4-cb75-4153-8a72-74882bb794bb,incased.business,available,3.98,25.98,medium,low,7,namecheap,,,11/08/2026 20:08
7c879dde-a66d-40f9-91de-f345c5ebe3c3,coccoid.business,available,3.98,25.98,medium,low,7,namecheap,,,12/08/2026 14:41
3e050f9f-db4c-40c0-89be-e74923f51fc2,vaughan.business,premium,15.34,15.34,high,low,7,namesilo,,,25/09/2026 10:35
46c215d7-db82-42ab-84ce-bcad970492fd,basia.business,available,19.49,19.49,medium,low,5,namesilo,,,22/09/2026 10:34
07563613-bbbe-46ea-84d3-d76fd353efb1,quarrel.business,available,2.5,16.27,medium,low,7,dynadot,,,28/09/2026 09:33
4ebcdc6c-f489-4fe1-8bef-3588aed257d3,abohm.business,available,3.98,25.98,medium,low,5,namecheap,,,16/09/2026 16:26
7782f531-8876-4cbe-ba75-444a8c1ce81c,struck.business,available,3.98,25.98,medium,low,6,namecheap,,,10/09/2026 11:50
50905de2-6fd2-43de-a318-c5c32969f325,objections.business,available,2.5,16.27,low,low,10,dynadot,,,28/09/2026 13:15
e3c53c3a-46c5-454c-8e0e-c2575d9112d6,ascender.business,available,3.98,25.98,high,low,8,namecheap,,,20/09/2026 13:07
9c238924-b5fb-4db7-bc98-88b49301d7ea,incitive.business,available,3.98,25.98,medium,low,8,namecheap,,,22/08/2026 01:27
1d383d5a-33c4-4573-975a-40b235ea3934,undo.business,available,3.31,15.73,high,low,4,spaceship,,,29/09/2026 02:46
168eefce-ba9c-443f-b435-d86e5215755f,macabre.business,available,3.98,25.98,medium,low,7,namecheap,,,18/08/2026 23:19
2e7621c8-37bf-486a-8a7e-402b1c5d04e8,scheduled.business,available,3.31,15.73,high,low,9,spaceship,,,27/09/2026 18:26
8591b756-c689-40b6-a2aa-851c835b75cb,juanita.business,available,3.31,15.73,medium,low,7,spaceship,,,30/09/2026 04:54
820db616-fe33-4f07-9d5f-171429a4363c,bigarade.business,available,19.49,19.49,medium,low,8,namesilo,,,23/09/2026 15:03
b11f1300-eda6-41a0-acb2-aecc335e8c80,velvety.business,available,3.98,25.98,high,low,7,namecheap,,,13/09/2026 02:00
5c25ce65-f290-43cd-bf2c-189ab4807871,modernisation.business,available,15.2,15.2,high,low,13,cloudflare,,,30/09/2026 23:56
694acfd6-679f-4a86-ad1a-165b2d6543b0,travis.business,available,3.98,25.98,high,low,6,namecheap,,,25/09/2026 13:01
6d589ea3-6a39-4970-bde8-00d33edaf41b,puckish.business,available,3.98,25.98,medium,low,7,namecheap,,,21/08/2026 22:29
deee55cb-de89-4d1d-97c0-3badabb18665,ungroomed.business,available,3.98,25.98,low,low,9,namecheap,,,12/09/2026 11:34
8515a74f-5265-41a7-ba1f-19613128a4f1,tread.business,available,2.5,16.27,high,low,5,dynadot,,,30/09/2026 02:58
6012329a-cb1d-4788-829c-5b267ab98eec,distorted.business,available,3.98,25.98,medium,low,9,namecheap,,,13/08/2026 23:39
52a3a52c-a8db-464b-9064-aa1c95f12261,barred.business,available,3.98,25.98,medium,low,6,namecheap,,,08/08/2026 20:37
8df86bb9-5193-40ac-9ce9-9719a7871731,mounts.business,available,19.49,19.49,medium,low,6,namesilo,,,01/10/2026 00:51
6a3c1652-3878-4d95-8320-70e13f51b060,judaism.business,available,19.49,19.49,high,low,7,namesilo,,,01/10/2026 02:27
0526257b-a1bc-48a3-a84f-819be6165bad,synovial.business,available,3.98,25.98,medium,low,8,namecheap,,,11/09/2026 06:37
dbb10fec-10a9-4ed0-83b0-e4425c6ba669,timeline.business,resell,,,high,low,8,,,,27/09/2026 05:39
08676d05-969c-4329-b359-f342e838e506,expressing.business,available,19.49,19.49,medium,low,10,namesilo,,,29/09/2026 05:05
8094474c-160e-4f78-8606-cca26da27dc7,rafts.business,available,3.98,25.98,high,low,5,namecheap,,,14/09/2026 23:26
c9a7932f-04fc-4931-85b5-dd4bf5ce714d,osgood.business,available,3.98,25.98,high,low,6,namecheap,,,29/09/2026 09:55
100f3b3b-e8b9-411f-be1e-17d462e64bae,anthus.business,available,19.49,19.49,medium,low,6,namesilo,,,19/09/2026 14:02
ed8cfc71-59f1-4c53-bb3c-1d141fd6c424,dictatorship.business,available,19.49,19.49,medium,low,12,namesilo,,,29/09/2026 14:18
c18975e0-a05d-4778-9042-86a4b88caedb,presentation.business,premium,18.2,18.2,high,low,12,namecheap,,,
8a9de930-80ba-4ce7-a148-6fb2049cf866,narrowed.business,available,3.98,25.98,medium,low,8,namecheap,,,03/09/2026 13:27
47b3b7db-db2e-4a0e-a5d9-fbb4c94772b6,complex.business,premium,118.8,118.8,high,low,7,namesilo,,,23/09/2026 17:35
048a8980-cd5c-49db-a6b1-b56d2e8b7a22,framed.business,available,3.98,25.98,high,low,6,namecheap,,,18/08/2026 14:04
d5cdcdb6-8d89-4d17-8cfc-210933adb413,grabbing.business,available,2.5,16.27,medium,low,8,dynadot,,,29/09/2026 14:55
00a809ca-114d-49f1-91f3-c210fa9e5f92,calcium.business,available,19.49,19.49,high,low,7,namesilo,,,20/09/2026 22:32
8d86ed6e-b53a-4c1b-bd6e-7a7bef0dbde2,silences.business,available,19.49,19.49,low,low,8,namesilo,,,21/09/2026 10:16
698ff7ef-cac7-42c5-83ad-b609ae82aa03,leap.business,resell,,,high,medium,4,,,,30/09/2026 01:39
d2a69b2c-3ed5-4ff3-84ab-bd0bfceee200,glen.business,available,3.98,25.98,high,low,4,namecheap,,,29/09/2026 19:03
4144a7f9-75e5-4878-b105-ebd54954e1cc,homosexuals.business,available,9.99,35.99,low,low,11,godaddy,,,01/10/2026 00:33
cab79479-13f4-45be-ae93-320c11c375cf,countess.business,available,19.49,19.49,medium,low,8,namesilo,,,28/09/2026 13:48
7aedceb0-a9d9-4843-b32f-389e1d5d3430,satanic.business,available,19.49,19.49,medium,low,7,namesilo,,,24/09/2026 05:47
2e25755e-764d-4948-a0eb-1c2d3d918a0c,sideburns.business,available,3.99,,high,low,9,name.com,,,
5a0dfea4-0f73-4acf-a9b1-b2bfc8be55fc,delia.business,available,15.2,15.2,medium,low,5,cloudflare,,,28/09/2026 21:49
f1336259-6419-495d-bec7-4852ffd9d188,recluse.business,available,3.98,25.98,high,low,7,namecheap,,,09/09/2026 11:38
93642083-6b76-45ac-b316-42154b78c251,shifts.business,available,19.49,19.49,medium,low,6,namesilo,,,28/09/2026 09:05
36b50829-e809-4921-a5a8-96e2fd670b71,baster.business,available,19.49,19.49,medium,low,6,namesilo,,,22/09/2026 12:47
5c99074a-a4a5-4bb9-9814-72442646e56e,permutation.business,available,3.99,,high,low,11,name.com,,,
8b2db853-0323-4da5-9a68-4e9cefc1f95a,lorna.business,available,2.5,16.27,medium,low,5,dynadot,,,29/09/2026 15:29
3636a7f3-398b-41a5-ac83-b14775bdc44c,likable.business,available,3.98,25.98,high,low,7,namecheap,,,23/08/2026 06:14
db95391f-0bef-4ffd-9a4f-8a5a4108f407,fitchburg.business,available,2.57,15.96,medium,low,9,porkbun,,,30/09/2026 04:33
4b79165a-504d-4838-aecc-07cc4630bcd5,decease.business,available,3.98,25.98,medium,low,7,namecheap,,,24/09/2026 19:36
001ebd5f-0072-40da-9035-e09b505eeb3d,overladen.business,available,3.98,25.98,medium,low,9,namecheap,,,04/09/2026 20:51
b426e120-10ee-4875-8782-603f6d275562,aerial.business,premium,15.34,15.34,high,low,6,namesilo,,,
1b7a97ce-cd42-4f3d-ae1e-8d0076c75996,hattie.business,available,3.31,15.73,medium,low,6,spaceship,,,29/09/2026 09:38
3845a3f6-a352-46e2-bd11-971eaa58eff4,ribbing.business,available,3.98,25.98,medium,low,7,namecheap,,,11/09/2026 10:01
1fab28db-2c2e-4b42-a460-53c46310b038,beige.business,available,3.98,25.98,medium,low,5,namecheap,,,09/08/2026 12:22
1cb37ddf-cc7a-495c-9dd1-1da64b40344d,unsound.business,available,19.49,19.49,medium,low,7,namesilo,,,24/09/2026 16:24
6b75b4f8-f4fb-4530-917a-d2fe4c25162b,asanga.business,available,19.49,19.49,medium,low,6,namesilo,,,20/09/2026 12:49
5b7a4e75-e329-48c2-a648-496c7f50685f,spouse.business,available,19.49,19.49,high,low,6,namesilo,,,23/09/2026 11:39
1ed622ae-dd57-4c4b-94d7-504250eb826f,balusters.business,available,19.49,19.49,high,low,9,namesilo,,,22/09/2026 00:30
2f53c12a-bf6c-4ffe-b29f-22cb99276f01,stupidly.business,available,3.98,25.98,medium,low,8,namecheap,,,14/09/2026 13:43
6d2eaf62-5bcc-45be-b5a3-eadf0e53a774,cruel.business,available,19.49,19.49,high,low,5,namesilo,,,22/09/2026 17:21
8b95324e-ed9f-4059-808e-5fd71ea18618,rams.business,available,3.31,15.73,high,low,4,spaceship,,,30/09/2026 20:33
294e7518-550f-45a7-984f-3a4eec6cb726,pittsburg.business,premium,,,medium,low,9,,,,28/09/2026 16:44
7cb8d110-3067-454a-b708-267874f8d780,lucent.business,available,3.98,25.98,high,low,6,namecheap,,,
1f042f57-9735-4c41-9c7f-4335541c260e,legalise.business,available,3.98,25.98,high,low,8,namecheap,,,22/08/2026 23:07
66d70730-c9cd-4f59-8854-9d81701da545,badness.business,available,3.98,25.98,medium,low,7,namecheap,,,08/08/2026 07:23
fbd54223-c503-48d0-992d-ff60cc84fb2c,mound.business,available,3.31,15.73,medium,low,5,spaceship,,,29/09/2026 06:29
65f8b84a-a623-40d5-b6e8-ca418da08817,ian.business,premium,16.9,16.9,high,low,3,namecheap,,,25/09/2026 13:39
6eea49b3-46a3-4a75-b1de-fea53927260d,fee.business,premium,102.67,102.67,high,low,3,spaceship,,,29/09/2026 05:24
34257e3a-9856-4405-9235-2f2135b342fb,unassuming.business,available,15.2,15.2,high,low,10,cloudflare,,,27/09/2026 13:26
97e3b12b-a1fe-452e-afe4-776899291f18,meals.business,available,19.49,19.49,high,low,5,namesilo,,,18/09/2026 16:02
a36f5c5e-824c-4e9a-958b-ef3ee079e58b,evaluative.business,available,3.98,25.98,medium,low,10,namecheap,,,06/08/2026 08:13
966f5d8c-44e2-44c1-a1ef-35334a4532b0,porkfish.business,available,19.49,19.49,medium,low,8,namesilo,,,19/09/2026 09:38
b12f5677-74ad-4e05-b13d-938f946267f1,alep.business,available,19.49,19.49,medium,low,4,namesilo,,,18/09/2026 05:14
c488751d-fce3-4917-84e4-559c9ffadee6,ebony.business,available,3.98,25.98,high,low,5,namecheap,,,14/08/2026 23:09
df0800b8-d717-4d3f-8952-6eeb7bfb8900,americans.business,available,3.98,25.98,medium,low,9,namecheap,,,08/09/2026 06:41
bf0966d8-75b4-45cb-a64c-794dcbba0bef,debater.business,available,19.49,19.49,medium,low,7,namesilo,,,20/09/2026 04:45
57766d18-2c19-46b0-80af-04ef31af55ab,handle.business,available,3.99,,high,low,6,name.com,,,
fbbde089-6bf1-4e62-a652-97017c1cec3a,sugars.business,available,19.49,19.49,medium,low,6,namesilo,,,18/09/2026 08:14
cbc6e6fb-a650-46d7-861e-ae2a77e465fe,intermittent.business,available,19.49,19.49,high,low,12,namesilo,,,01/10/2026 04:59
8c9f57a4-c48d-4580-8634-fa14ee1ffe6f,behest.business,available,3.98,25.98,high,low,6,namecheap,,,23/09/2026 03:29
4fa0b0de-61af-4afb-98aa-1a3bdef2662c,radioactivity.business,available,3.99,,medium,low,13,name.com,,,
0ffc37d6-b911-49f2-99bc-89bf9ecdda4b,winter.business,resell,,,high,low,6,"Sav.com, LLC - 43",02/09/2026 15:15,02/09/2027 15:15,26/09/2026 10:11
3f6843a7-5688-4fdf-830b-fce2cedc5702,delusive.business,available,3.98,25.98,medium,low,8,namecheap,,,14/08/2026 00:53
ef2c929d-5f2a-49dd-935c-54b338b6a552,superheroes.business,available,3.98,25.98,medium,low,11,namecheap,,,21/09/2026 05:42
1248f519-0d2d-4b1c-881c-df1a371f4208,neighbours.business,available,19.49,19.49,medium,low,10,namesilo,,,18/09/2026 07:42
2d967284-50dd-4078-b026-cbeed140059d,contemporary.business,available,19.49,19.49,high,low,12,namesilo,,,28/09/2026 15:37
e6b6d8b0-a554-4d0f-b433-f79f9bfc47f6,anklet.business,available,19.49,19.49,medium,low,6,namesilo,,,19/09/2026 09:41
5d4633bb-e3a6-4404-99d7-2941f9455f2f,trousers.business,available,3.99,,high,low,8,name.com,,,
94e65f00-165a-4e1e-be87-259b288d38e0,luisa.business,available,3.31,15.73,medium,low,5,spaceship,,,29/09/2026 05:31
61a3f602-de20-4446-97bc-bb5fa389d850,liao.business,available,19.49,19.49,medium,low,4,namesilo,,,29/09/2026 01:35
64498cfe-3f74-42cd-b948-53cdecfb4d2b,tacit.business,available,3.98,25.98,high,low,5,namecheap,,,11/09/2026 06:56
a6d14454-d29c-40e2-bb5a-67a12e87b8ce,keyboard.business,available,19.49,19.49,high,low,8,namesilo,,,28/09/2026 19:38
6ae9ddf4-1d9e-4beb-95a9-73214e3ff490,hughes.business,premium,118.8,118.8,high,low,6,namesilo,,,25/09/2026 04:10
d47c9cc8-c376-4588-be30-42e593d789a2,natation.business,available,3.98,25.98,medium,low,8,namecheap,,,18/08/2026 08:34
e7f7cfb4-9ca0-43ff-9f8f-9e487a6e90bd,lobar.business,available,3.98,25.98,medium,low,5,namecheap,,,24/08/2026 08:33
ebb61a81-b876-4d10-9591-ebba39bf4d86,senefelder.business,available,19.49,19.49,medium,low,10,namesilo,,,18/09/2026 13:11
774a5f3c-32e3-4fde-ba6b-ffac8eb5ca4f,volumetric.business,available,3.98,25.98,medium,low,10,namecheap,,,13/09/2026 07:03
d917eb49-a07e-4475-80a1-7c6697913ad7,consequently.business,available,2.5,16.27,medium,low,12,dynadot,,,29/09/2026 10:11
5aed2b95-8bb0-40e4-9b57-e5a81f485b93,censored.business,available,3.98,25.98,medium,low,8,namecheap,,,11/08/2026 23:47
c013ae17-a2bf-49b8-81f0-955989b41b72,dignifying.business,available,3.98,25.98,medium,low,10,namecheap,,,14/08/2026 07:23
ada2bb65-861a-465b-90e3-baf57fac5de7,manually.business,available,3.98,25.98,medium,low,8,namecheap,,,15/09/2026 13:27
f1a5aa0f-4be8-4b98-9cc7-1c2226146896,bida.business,available,19.49,19.49,high,low,4,namesilo,,,23/09/2026 13:39
13080fdb-696d-4960-94d4-1537c6f6e0a0,tigerish.business,available,3.98,25.98,medium,low,8,namecheap,,,11/09/2026 15:51
84c450ac-9fbb-4d07-8e15-3f2c8602e5ee,juana.business,available,3.31,15.73,medium,low,5,spaceship,,,29/09/2026 09:44
d041b6e5-53d4-474a-be7b-6430c661395a,vigilantly.business,available,19.49,19.49,medium,low,10,namesilo,,,16/09/2026 10:54
4d3aeacc-a54b-4cb9-850a-c44fcc8ea3d2,volk.business,available,19.49,19.49,high,low,4,namesilo,,,30/09/2026 23:28
62a53e8b-1b57-4acd-bc97-166824cdc6b0,opposable.business,available,3.98,25.98,medium,low,9,namecheap,,,06/08/2026 07:43
b11e5d45-3b33-4f22-a6df-bffb9a2a7b87,cope.business,available,3.98,25.98,high,low,4,namecheap,,,24/09/2026 18:08
6eb97ef2-983c-4d01-9af1-04f1f9656ed4,aloneness.business,available,19.49,19.49,medium,low,9,namesilo,,,18/09/2026 13:12
efd79f51-9338-4fcf-801d-3b285c85d75d,worn.business,available,19.49,19.49,high,low,4,namesilo,,,23/09/2026 12:58
9f2bc615-c3b8-429c-9807-de216aeaa41c,recyclable.business,available,3.98,25.98,high,low,10,namecheap,,,09/09/2026 11:31
71cb5f4d-ac1b-4ca7-89e6-fa55033d9d08,violin.business,available,3.31,15.73,high,low,6,spaceship,,,28/09/2026 09:46
68bc3b69-092c-4852-802f-772e557a9a03,zama.business,available,3.98,25.98,medium,low,4,namecheap,,,22/09/2026 16:21
1f9dc208-ea65-46cb-8af9-e4fe7d2f8615,hebrides.business,available,3.31,15.73,medium,low,8,spaceship,,,29/09/2026 13:01
4dab1e71-a4e2-409f-a3b2-7f02df8b8a12,bursts.business,available,15.2,15.2,low,low,6,cloudflare,,,30/09/2026 14:44
32b8824a-f546-4151-a183-b6302ec20832,ascension.business,premium,15.34,15.34,high,low,9,namesilo,,,07/08/2026 00:30
33d97157-2c5d-4d4a-be0f-aa77f6924ea2,tenth.business,available,19.49,19.49,high,low,5,namesilo,,,21/09/2026 11:17
e3cb74e6-4a60-41ec-82d1-f30378d082b1,checkbook.business,available,3.98,25.98,high,low,9,namecheap,,,24/09/2026 13:57
f940b584-d111-4fb3-ba7b-8cecd4772cc2,platforms.business,premium,,,medium,low,9,,,,01/10/2026 00:18
fef45eb7-c781-4357-a3ee-60071a59f8d6,presley.business,available,19.49,19.49,medium,low,7,namesilo,,,30/09/2026 09:32
f0dd2479-9e71-40a1-acf9-550e01350a1e,alder.business,available,19.49,19.49,high,low,5,namesilo,,,18/09/2026 04:26
f0440b11-0074-453f-b7d4-2ec33637b01d,clonal.business,available,3.98,25.98,medium,low,6,namecheap,,,12/08/2026 12:01
fd04cbc4-205e-4a87-a1cc-0ec04c7176ac,skylark.business,available,19.49,19.49,high,low,7,namesilo,,,18/09/2026 02:17
0f80da97-8495-4ee5-b914-dfa557ebc1f3,lengthwise.business,available,3.98,25.98,medium,low,10,namecheap,,,22/08/2026 23:38
7d28a2c4-ae8b-4275-a799-8c5e4f9c1ba5,soon.business,resell,,,high,low,4,Dynadot Inc,26/01/2026 17:00,26/01/2027 17:00,28/09/2026 13:25
4feea74c-bb5e-4dba-82e5-f0daf7698f78,intestine.business,available,3.31,15.73,medium,low,9,spaceship,,,29/09/2026 18:03
bb5383a2-ca96-4966-90dd-22914791da57,troubling.business,available,3.98,25.98,medium,low,9,namecheap,,,14/08/2026 13:19
cd5f3314-867e-42d6-8526-0d987f8cd275,adrienne.business,available,3.31,15.73,medium,low,8,spaceship,,,29/09/2026 09:35
2f2f0346-83f6-41f5-a368-5e24cae0a190,protects.business,available,19.49,19.49,medium,low,8,namesilo,,,29/09/2026 00:03
b4bf82b1-30be-4030-8abf-eda3a2cf338d,scarface.business,available,15.2,15.2,medium,low,8,cloudflare,,,28/09/2026 19:51
243b9001-01aa-4218-bf18-7debf06e0869,adumbrate.business,available,3.98,25.98,medium,low,9,namecheap,,,22/08/2026 08:33
40a2115e-483d-4b24-951a-d25314a82e90,eolic.business,available,19.49,19.49,low,low,5,namesilo,,,17/09/2026 12:36
bcee2e4d-e958-430a-af0a-04c378451501,absorb.business,available,3.98,25.98,high,low,6,namecheap,,,10/09/2026 19:56
770ba822-8287-49b9-8ba2-deada673f3bc,sluttish.business,available,3.98,25.98,medium,low,8,namecheap,,,10/08/2026 15:45
fb684eda-f61d-4e8f-b99c-491b7bb58dc6,ribs.business,available,15.2,15.2,medium,low,4,cloudflare,,,28/09/2026 00:08
0440a749-f9ee-4909-ae00-572363ff387e,researcher.business,available,2.5,16.27,high,low,10,dynadot,,,28/09/2026 02:34
9346440a-766f-4df2-b569-189f134e8e5a,alumnus.business,available,3.98,25.98,high,low,7,namecheap,,,20/08/2026 17:42
2c612bdc-1a7e-437c-a5b4-5e229fcfacc2,arcsecond.business,available,19.49,19.49,medium,low,9,namesilo,,,20/09/2026 02:41
899bc94c-6f21-4d87-8176-842e54374944,bully.business,available,3.98,25.98,high,low,5,namecheap,,,08/08/2026 12:15
7d211ce5-c2bf-49ab-ae6e-5b00fda845e9,sideline.business,available,3.98,25.98,high,low,8,namecheap,,,21/09/2026 09:42
6c6a835e-4bc8-40a7-b76d-fcdd8995410c,katari.business,available,3.98,25.98,medium,low,6,namecheap,,,22/08/2026 15:12
0712a25d-1c51-4c2b-b233-7ca811ee598b,huntsville.business,resell,,,high,low,10,,,,27/09/2026 04:30
a90460e7-9dd3-47e3-a04e-dc5a4955dfd0,adulteress.business,available,19.49,19.49,medium,low,10,namesilo,,,17/09/2026 10:20
c2405217-cc42-4af8-b855-81e3afba3d66,mildness.business,available,3.98,25.98,high,low,8,namecheap,,,24/09/2026 15:30
2dd5b08d-2780-4a71-aa9e-d9e2136fb96b,unshaded.business,available,3.98,25.98,medium,low,8,namecheap,,,12/09/2026 19:27
f346e835-8058-4734-8d20-cfa75f61db83,oldest.business,available,3.99,,high,low,6,name.com,,,
6df175ee-8b38-4893-9ab7-d7bcceb4854e,tolerance.business,available,15.2,15.2,high,low,9,cloudflare,,,28/09/2026 20:10
3cdf5935-9a3c-427f-aca8-7a27c8938ce6,adorably.business,available,3.98,25.98,medium,low,8,namecheap,,,13/09/2026 17:21
048b4218-0c45-4806-b085-6163bb1ed65d,peaceful.business,premium,15.34,15.34,high,low,8,namesilo,,,27/09/2026 03:13
ac157dfd-f780-42b5-b923-9c5f05c8c6cc,patients.business,available,3.98,25.98,high,low,8,namecheap,,,25/09/2026 21:13
743739de-a6d6-4386-9706-769ea405018c,vehicle.business,resell,,,high,low,7,Dynadot Inc,30/06/2023 17:00,30/06/2030 17:00,28/09/2026 07:36
34759ee8-1f0c-43df-a95a-96b9eb15bf5c,hatchet.business,available,2.5,16.27,high,low,7,dynadot,,,30/09/2026 09:59
e19cdc27-3af7-4433-80f3-cb8e8233370d,indigen.business,available,3.98,25.98,medium,low,7,namecheap,,,03/09/2026 13:47
1c63c8c8-26c9-4057-8cc0-19386c5c4daa,wiser.business,available,19.49,19.49,high,low,5,namesilo,,,29/09/2026 23:16
54a8984e-1013-4e5f-a3d4-ce6a1d08e789,zhao.business,premium,102.67,102.67,high,low,4,spaceship,,,27/09/2026 20:53
be8b7ef6-1a15-4097-b3bc-076adde94b1f,lymphatic.business,available,3.98,25.98,medium,low,9,namecheap,,,24/08/2026 12:33
05a04c32-0629-4a9c-b18e-b5de16458ab7,rant.business,available,19.49,19.49,high,low,4,namesilo,,,24/09/2026 03:37
1b66eb67-bac8-4d36-a7b2-90788e4b00f2,excitement.business,available,19.49,19.49,high,low,10,namesilo,,,25/09/2026 05:50
14e9670a-a6ac-47b2-a569-4cc0b8419401,cet.business,premium,108.9,108.9,medium,low,3,dynadot,,,30/09/2026 13:12
01f02584-263b-4dfe-8d4c-bbf5a881fd81,botched.business,available,3.98,25.98,medium,low,7,namecheap,,,10/08/2026 20:51
8b760350-b0c5-470d-8c7b-4928bc40f9f0,educative.business,available,3.98,25.98,high,low,9,namecheap,,,15/08/2026 11:09
c550ad9e-f236-495f-8178-40ac26107e8d,debase.business,available,3.98,25.98,medium,low,6,namecheap,,,
7f9eb4b4-cd73-4618-ac72-2a897df17391,officially.business,available,3.98,25.98,high,low,10,namecheap,,,14/09/2026 19:44
4561b092-5dbb-4118-a198-2b24b1163cf5,roadblock.business,available,3.98,25.98,medium,low,9,namecheap,,,22/09/2026 08:30
13a57649-0d5b-45d2-b878-2bdec1959d2c,slurred.business,available,3.98,25.98,medium,low,7,namecheap,,,10/09/2026 11:42
951fe493-ff15-4ebb-998e-85921e2de78b,stratified.business,available,3.98,25.98,medium,low,10,namecheap,,,09/08/2026 06:36
5d167d8c-4195-4aca-9090-960b0de315e8,abettor.business,available,3.98,25.98,medium,low,7,namecheap,,,16/09/2026 15:19
0afa53b3-5c18-4227-811a-77ce728fa694,wilhelm.business,available,3.98,25.98,high,low,7,namecheap,,,25/09/2026 18:53
d67641c3-b606-44c3-9db3-209c4f1b768e,rear.business,available,3.98,25.98,high,low,4,namecheap,,,22/09/2026 19:06
eafdd373-2d66-4ffe-994d-190fe8bfba2d,clamor.business,available,3.98,25.98,medium,low,6,namecheap,,,10/08/2026 13:15
c934c614-c344-4572-9701-4155f0a05212,bari.business,premium,15.34,15.34,high,low,4,namesilo,,,22/09/2026 05:51
92690b6f-bbce-4694-8bc7-585b830e1f8d,chased.business,available,19.49,19.49,high,low,6,namesilo,,,27/09/2026 08:31
e5e39a15-218a-45d1-9af5-eb988928c58b,treaty.business,available,2.5,16.27,high,low,6,dynadot,,,28/09/2026 10:39
da35b59a-2194-4262-aef9-f92381e0ba4b,millenary.business,available,3.98,25.98,medium,low,9,namecheap,,,24/08/2026 23:13
6f7ef083-fc66-4b03-a4de-a7a31ee9a0cf,acclaim.business,available,19.49,19.49,high,low,7,namesilo,,,16/09/2026 22:32
42bfd380-18e7-4399-8dc7-834c919868b3,humidity.business,available,15.2,15.2,high,low,8,cloudflare,,,29/09/2026 01:18
8329e017-bbee-4e9f-8a60-296a3c1854d4,pregnancy.business,available,9.99,35.99,high,low,9,godaddy,,,28/09/2026 02:22
13dcc7ef-dbab-4851-8dfe-cc21f2d5ea3c,flashes.business,available,19.49,19.49,medium,low,7,namesilo,,,29/09/2026 10:47
31096016-62dd-43dd-afb3-14ccba026ed6,lethargic.business,available,3.98,25.98,medium,low,9,namecheap,,,23/08/2026 00:27
eaee04e5-8436-4871-b391-7c929d8901f1,paved.business,available,3.98,25.98,high,low,5,namecheap,,,08/09/2026 10:53
20655e89-5213-4cf4-a815-a09a8f1cf6a8,bierce.business,available,19.49,19.49,medium,low,6,namesilo,,,18/09/2026 17:23
d5f717a6-cd86-483a-93b3-50dc769b513a,chs.business,premium,13.66,13.66,high,low,3,spaceship,,,30/09/2026 21:35
aa9e008b-8708-475c-80eb-090a2016c25a,sacks.business,available,3.98,25.98,medium,low,5,namecheap,,,20/09/2026 18:55
101fb405-080c-49d5-965c-cb8af6e232bb,deck.business,resell,,,high,low,4,"GoDaddy.com, LLC",27/12/2020 23:26,27/12/2026 23:26,29/09/2026 13:27
3004d3cb-9999-4f47-86c7-9c9649f5ca3a,dauntless.business,available,19.49,19.49,high,low,9,namesilo,,,22/09/2026 12:12
761d11a8-0c73-4c9a-994f-8310044bd0f8,ackack.business,available,3.98,25.98,medium,low,7,namecheap,,,
dbd235fa-60e1-414d-9f24-85306a63cada,demoralize.business,available,3.98,25.98,medium,low,10,namecheap,,,13/08/2026 02:16
ec9b2cd4-c3dc-469d-8270-2201bb3e8b32,fronts.business,available,15.2,15.2,medium,low,6,cloudflare,,,30/09/2026 15:47
c0ea5c77-5aa1-495c-8c6e-88cc5db8b380,conclusions.business,available,3.31,15.73,medium,low,11,spaceship,,,28/09/2026 08:35
e53bdda1-7334-489d-aa03-04a29cf58008,informative.business,available,3.99,,high,low,11,name.com,,,
03becb03-f22e-480d-8519-d63128435074,newberry.business,available,3.31,15.73,medium,low,8,spaceship,,,28/09/2026 21:39
bf4cd70d-5423-4845-b1e3-0809849fd98b,undisturbed.business,available,15.2,15.2,high,low,11,cloudflare,,,30/09/2026 12:13
36ddaddf-2e64-4e3b-9be5-a6d6a1daabfd,prohibited.business,available,3.98,25.98,medium,low,10,namecheap,,,08/08/2026 13:48
81a83b07-9cdf-4645-9e7b-d58fb8828eed,alms.business,available,3.98,25.98,medium,low,4,namecheap,,,18/09/2026 12:43
a30807d0-6d6f-4127-8d0a-70c8f4904e1d,ashcan.business,available,19.49,19.49,medium,low,6,namesilo,,,20/09/2026 13:35
e5427aed-be31-46d7-a75e-263ddd316b36,tetragon.business,available,3.98,25.98,medium,low,8,namecheap,,,09/09/2026 07:24
434afc5f-7395-483d-9b7e-62ffbd627f43,randolph.business,available,19.49,19.49,high,low,8,namesilo,,,25/09/2026 14:59
43e62514-970f-4bbc-8921-4b03be43ee25,anecdote.business,available,19.49,19.49,high,low,8,namesilo,,,19/09/2026 05:07
462ff45a-198d-485a-ba26-e689dc865f9d,apoplectic.business,available,3.98,25.98,medium,low,10,namecheap,,,06/08/2026 03:29
3912f1bc-e214-4257-8f80-1a6c41e91b38,wordsworth.business,available,19.49,19.49,medium,low,10,namesilo,,,28/09/2026 15:34
62fe7371-a49e-482b-b626-d70f5e8bd30c,pronghorn.business,available,3.98,25.98,medium,low,9,namecheap,,,18/09/2026 19:07
6988440f-3070-476a-8bd1-3e1edbd2c552,ayres.business,available,19.49,19.49,medium,low,5,namesilo,,,28/09/2026 12:24
60939d67-f69e-4a00-bd49-13e60a548eff,formidably.business,available,3.98,25.98,medium,low,10,namecheap,,,14/09/2026 19:46
cca19987-9542-4f11-99e2-b265cd48ddcb,diminishing.business,available,3.99,,medium,low,11,name.com,,,
cbf8e9ab-4482-4044-9364-224dc2d22eb2,felid.business,available,3.98,25.98,medium,low,5,namecheap,,,18/08/2026 00:54
97730c5c-6f2c-46a8-985b-1fe29c115449,prophets.business,available,15.2,15.2,high,low,8,cloudflare,,,30/09/2026 10:35
ac52edde-9411-4a9b-a74f-89a87e80b89e,amended.business,available,3.98,25.98,high,low,7,namecheap,,,
a131bf0b-fdd6-4843-a84d-e7351de887bc,claiming.business,available,15.2,15.2,high,low,8,cloudflare,,,28/09/2026 11:29
80c2d327-da91-4b5f-9802-da17aa0237c9,lugosi.business,available,19.49,19.49,medium,low,6,namesilo,,,23/09/2026 04:23
e3a4ec66-758e-4464-a90b-19845b0d5f43,intimidate.business,available,2.57,15.96,high,low,10,porkbun,,,29/09/2026 20:44
3b6613dc-7523-4337-b05d-616c48aa5e81,som.business,premium,102.67,102.67,high,low,3,spaceship,,,29/09/2026 08:04
d0f9fb99-ae58-4aab-a414-2188562603a0,keyserver.business,available,3.99,,medium,low,10,name.com,,,
6d8fa3a8-bcad-462b-ab14-fab133978d98,herself.business,available,19.49,19.49,medium,low,7,namesilo,,,26/09/2026 03:24
0114a6b1-e722-49d8-ac3c-ba8297b05830,ignoring.business,available,19.49,19.49,medium,low,8,namesilo,,,28/09/2026 11:32
2670e338-828a-4603-a5b5-2dfae35ac7cd,generative.business,resell,,,high,low,10,"Sav.com, LLC - 17",19/04/2026 15:16,19/04/2027 15:16,26/09/2026 06:21
adfa4ee4-05cf-4773-a0d5-1aaf23bd5501,christi.business,available,3.98,25.98,medium,low,7,namecheap,,,25/09/2026 21:26
b9014eee-9eda-4705-921a-5719f7835306,conceit.business,available,19.49,19.49,medium,low,7,namesilo,,,18/09/2026 22:51
7fb26be2-4fcf-4b1e-aed1-c79527fc78bf,apertures.business,available,2.57,15.96,medium,low,9,porkbun,,,30/09/2026 07:45
be5651f0-6d7b-442d-8a86-0e201940cc78,gasoline.business,premium,15.34,15.34,high,low,8,namesilo,,,27/09/2026 13:38
99adcc27-bb0b-4020-8998-c71bb88ab969,allegretto.business,available,3.98,25.98,high,low,10,namecheap,,,
ed0ad439-26e5-4877-9d74-fe3903661144,attentions.business,available,3.98,25.98,medium,low,10,namecheap,,,19/09/2026 21:27
94ae60d6-b5b6-47fb-b8e7-9a51af48ef99,dresden.business,available,15.34,15.34,high,low,7,namesilo,,,30/09/2026 17:05
518f0724-3656-49f8-942b-2f25d46a3301,abkhazia.business,available,3.99,27.99,medium,low,8,name.com,,,16/09/2026 16:03
122d34d4-67d0-428a-ba8c-8026ad4ed2b3,catch.business,resell,,,high,low,5,"Sav.com, LLC - 47",15/06/2026 15:15,15/06/2027 15:15,28/09/2026 22:15
5482fc2f-2a2d-4066-9ebd-514d39393742,carmichael.business,available,3.31,15.73,high,low,10,spaceship,,,28/09/2026 02:01
c9a7672e-d845-49bb-884c-82fc87a5d221,dissected.business,available,3.98,25.98,medium,low,9,namecheap,,,12/08/2026 10:41
35db732a-3546-4741-b22b-12280bf8fb5f,straits.business,available,19.49,19.49,medium,low,7,namesilo,,,30/09/2026 02:57
08f7812e-624a-4cab-a88b-f0752c33e866,modification.business,available,19.49,19.49,high,low,12,namesilo,,,29/09/2026 22:49
59405a95-750b-4851-8ee1-0935eaecceae,deuce.business,available,19.49,19.49,high,low,5,namesilo,,,21/09/2026 12:17
8c2efa7d-ef51-4203-8113-51ba49dfd589,apache.business,premium,15.34,15.34,high,low,6,namesilo,,,19/09/2026 16:09
9d08379d-e111-44fd-88c0-527e1b9342f5,adamson.business,available,19.49,19.49,medium,low,7,namesilo,,,28/09/2026 17:25
e953d719-e777-4ea1-8273-9b9c71742a3d,iodin.business,available,3.98,25.98,medium,low,5,namecheap,,,21/08/2026 17:26
f2882837-7c86-41ec-a7bf-7866bb43c202,painfully.business,available,3.98,25.98,medium,low,9,namecheap,,,14/09/2026 13:22
1ac9bbb1-b9da-49cf-b929-0759bcefe086,strongly.business,available,19.49,19.49,medium,low,8,namesilo,,,28/09/2026 16:33
45a4e216-c3f0-4fd2-a76c-76055d194620,lionel.business,available,3.31,15.73,medium,low,6,spaceship,,,28/09/2026 16:08
efba56a7-75f5-465b-86c9-93fcee3fe550,adhocracy.business,available,19.49,19.49,medium,low,9,namesilo,,,17/09/2026 08:02
cf33f8de-23a1-449d-b54d-74e84f542cad,antigua.business,available,19.49,19.49,high,low,7,namesilo,,,19/09/2026 14:32
7a57c28e-2efa-43b5-83c5-e00c6297a116,dendritic.business,available,3.98,25.98,medium,low,9,namecheap,,,14/08/2026 01:48
43cc8f86-0f7c-48e6-b3f8-87dcd93787e2,bagger.business,available,3.98,25.98,medium,low,6,namecheap,,,21/09/2026 18:02
ce755dcc-bdde-4052-9581-ada6129e3c52,lamppost.business,available,15.2,15.2,high,low,8,cloudflare,,,30/09/2026 02:00
96de0463-b3ac-4d81-81ef-a6bd620acff6,bennett.business,premium,118.8,118.8,high,low,7,namesilo,,,23/09/2026 08:31
5df9ab67-059a-415b-930e-832ff4aa0ebf,byers.business,available,3.31,15.73,medium,low,5,spaceship,,,29/09/2026 09:57
cac511be-8867-4671-a539-dec86572d45f,totalizer.business,available,3.98,25.98,medium,low,9,namecheap,,,17/09/2026 06:58
d7d8dc0e-7754-4717-9c6c-09c03b0d1875,pyramidic.business,available,3.98,25.98,medium,low,9,namecheap,,,09/09/2026 06:57
fcba45d0-9371-46da-a313-a5109fa84984,prompted.business,available,3.31,15.73,medium,low,8,spaceship,,,30/09/2026 15:04
6b122b19-7c0a-4c5a-9632-00a3a98109c8,tractile.business,available,3.98,25.98,medium,low,8,namecheap,,,11/09/2026 18:39
eded506a-f186-4403-bd82-79b837a617be,chesterton.business,available,19.49,19.49,medium,low,10,namesilo,,,30/09/2026 09:08
8596e40a-ae04-4ac6-b45c-00a518279292,sum.business,premium,54.36,108.6,high,low,3,porkbun,,,28/09/2026 22:55
e3816935-c814-43d3-a418-1bd2f4caccab,unsociable.business,available,3.98,25.98,medium,low,10,namecheap,,,12/09/2026 20:09
4b903619-9c5b-4f59-8436-8ae6342d77b4,malayan.business,available,3.98,25.98,medium,low,7,namecheap,,,24/08/2026 13:44
f8fa42b4-36bc-4cc9-a74f-225fdf608596,leaded.business,available,3.98,25.98,medium,low,6,namecheap,,,22/08/2026 21:42
930b0fdd-eb23-471f-96cb-92cc0058fc20,methodology.business,available,19.49,19.49,high,low,11,namesilo,,,30/09/2026 06:02
77241515-ea6d-4710-9cf3-d42a198f20f0,ankle.business,available,19.49,19.49,high,low,5,namesilo,,,19/09/2026 09:40
a7c1e005-91fc-49b8-88b4-2c897484dbb2,poached.business,available,3.98,25.98,medium,low,7,namecheap,,,10/08/2026 17:34
fe578601-04fe-48b6-a052-a9f1ac0c130a,unquiet.business,available,3.98,25.98,medium,low,7,namecheap,,,12/09/2026 17:40
d9cbf4e4-b8ae-4560-9509-df6edb0df86f,overjoyed.business,available,3.98,25.98,high,low,9,namecheap,,,04/09/2026 20:49
c5ec6876-e2c6-4656-84cb-5f89d46e4cd9,johnstone.business,available,19.49,19.49,medium,low,9,namesilo,,,27/09/2026 23:26
a0163278-7fc3-4901-8a10-20c3f9ceef4c,bellicose.business,available,3.98,25.98,low,low,9,namecheap,,,09/08/2026 01:44
3a0e4fb6-84b3-41e6-a56e-99ad27a67ef7,freely.business,available,19.49,19.49,high,low,6,namesilo,,,28/09/2026 14:56
d93bbc61-c4cb-4137-85c1-aa2318ec13ac,authenticity.business,available,2.57,15.96,high,low,12,porkbun,,,29/09/2026 23:07
53d63a75-4089-48de-8c20-7e9e698c5198,aubergine.business,available,3.98,25.98,high,low,9,namecheap,,,21/09/2026 02:33
6039eb5f-022c-4178-9384-16042a91b91b,palaces.business,available,19.49,19.49,medium,low,7,namesilo,,,30/09/2026 23:50
67bdb91a-1e4d-4fa2-8d9f-592a42cb3919,tracey.business,available,19.49,19.49,medium,low,6,namesilo,,,28/09/2026 21:51
6bb5e94a-0224-4644-8994-1c5ae27f9670,younger.business,available,3.98,25.98,high,low,7,namecheap,,,25/09/2026 12:10
6200064b-46ea-4116-a98f-bb665b13b9ac,unentitled.business,available,3.98,25.98,low,low,10,namecheap,,,12/09/2026 09:07
cc192196-12aa-4820-a393-833364d04968,raleigh.business,premium,118.8,118.8,high,low,7,namesilo,,,25/09/2026 03:57
a6adadab-087d-46cd-b5dd-7b6c8770c00b,biped.business,available,3.98,25.98,high,low,5,namecheap,,,10/08/2026 05:14
07aaf260-5897-4bb8-a727-3b80083c25a1,rescued.business,available,3.98,25.98,high,low,7,namecheap,,,09/09/2026 11:35
f4235d53-3624-400a-b91a-9039bef32dc8,amberjack.business,available,19.49,19.49,high,low,9,namesilo,,,18/09/2026 16:35
108c1259-2caa-4e6a-8bd4-795e774de830,stably.business,available,19.49,19.49,medium,low,6,namesilo,,,16/09/2026 06:43
e97e3bb4-c4d4-4244-8847-06df75a79832,elsie.business,available,19.49,19.49,high,low,5,namesilo,,,27/09/2026 07:34
e203608f-e0e0-4193-958b-c97e08bcb15e,rakes.business,available,19.49,19.49,medium,low,5,namesilo,,,20/09/2026 22:29
cd23a110-cec4-4d4c-b50e-86a026b86cb9,struggles.business,available,19.49,19.49,medium,low,9,namesilo,,,30/09/2026 07:07
753f1c99-f282-4ec7-845f-d1bc1fb86689,aglet.business,available,3.98,25.98,medium,low,5,namecheap,,,17/09/2026 18:21
7fed9ce4-3337-442b-bb6d-37c85f24fcfe,seagoing.business,available,3.98,25.98,medium,low,8,namecheap,,,04/09/2026 00:24
ed491613-4dc6-47e0-9dfa-719e192eff47,atherton.business,available,15.2,15.2,medium,low,8,cloudflare,,,28/09/2026 09:10
25041fa0-71d9-4d25-8cdf-dd86b7c4bd74,auteur.business,available,19.49,19.49,high,low,6,namesilo,,,21/09/2026 05:06
542355e8-ab2d-4928-b86c-341e08e06147,lazuline.business,available,3.98,25.98,medium,low,8,namecheap,,,08/08/2026 03:18
5b27237e-1d19-415a-b059-5f9780fc6379,suety.business,available,3.98,25.98,low,low,5,namecheap,,,11/09/2026 01:08
76f4335f-5190-4748-b065-1b386c5797c6,flattered.business,available,15.2,15.2,high,low,9,cloudflare,,,29/09/2026 14:41
e1250ce1-c1fa-4435-8729-aa4b80095d96,aioli.business,available,3.98,25.98,high,low,5,namecheap,,,17/09/2026 21:30
ecb491e0-2031-49aa-b6f7-db6e5a2e32b2,foam.business,available,19.49,19.49,high,low,4,namesilo,,,28/09/2026 05:46
4d0a57de-c475-4c2b-a919-11169ca8ed6c,headed.business,available,3.98,25.98,medium,low,6,namecheap,,,21/08/2026 01:51
cc66a990-db61-4a3c-8f08-195d69dd4a78,spheres.business,available,3.98,25.98,medium,low,7,namecheap,,,20/09/2026 04:06
efe85b97-9fb1-4a84-9cf5-baf6ce5952eb,chin.business,available,19.49,19.49,high,low,4,namesilo,,,29/09/2026 08:41
8f4c84b1-6d89-4806-ad69-04a02d8b455f,orleans.business,available,3.98,25.98,high,low,7,namecheap,,,30/09/2026 06:15
50f3da4c-cb4a-44d2-83d9-61d509fe3cfa,compact.business,available,19.49,19.49,high,low,7,namesilo,,,30/09/2026 16:20
5150a98e-2238-4275-8133-dfdde76f257f,filthy.business,available,3.98,25.98,high,low,6,namecheap,,,13/08/2026 08:46
c00678a8-b0e9-4673-b440-b3a34dad4577,objectives.business,premium,118.8,118.8,medium,low,10,namesilo,,,17/09/2026 15:43
44cd6ca2-c69a-4743-a07c-ce4855caa14c,alvine.business,available,3.98,25.98,medium,low,6,namecheap,,,
49c7c26e-3c3f-4169-9442-153ef57c9dd8,hardback.business,available,3.98,25.98,medium,low,8,namecheap,,,21/08/2026 00:40
8ad1d837-07da-40f7-8d36-859f9aa6ad29,aegina.business,available,19.49,19.49,medium,low,6,namesilo,,,17/09/2026 12:15
941909a0-7acb-48b4-8e71-bd789df7873f,cain.business,available,3.98,25.98,high,low,4,namecheap,,,28/09/2026 09:13
d7db945d-548d-4a40-bb8e-1dc2f94d6656,cuddles.business,available,19.49,19.49,medium,low,7,namesilo,,,21/09/2026 08:38
7d3a6b3c-15fb-4cd0-ace9-d98ef31c1a63,almandine.business,available,19.49,19.49,medium,low,9,namesilo,,,18/09/2026 12:29
2a346e69-45b2-44c2-b75e-f42b92123d10,trilogy.business,available,15.2,15.2,high,low,7,cloudflare,,,30/09/2026 03:04
59930e3d-8eca-432e-82a8-855993bd9466,athens.business,premium,118.8,118.8,high,low,6,namesilo,,,20/09/2026 20:44
019835cc-acf5-49c6-a7f0-1ec70de7b162,dutchess.business,available,2.57,15.96,high,low,8,porkbun,,,29/09/2026 21:34
80fcc07d-d56d-4d70-a0f4-f3c2ddd5f58a,balmoral.business,available,19.49,19.49,high,low,8,namesilo,,,21/09/2026 23:39
eb42e7fa-0f4d-4550-b932-5eb868328622,asphalt.business,premium,16.9,16.9,high,low,7,namecheap,,,20/09/2026 15:08
7690b0cd-b160-48d0-8153-e90404e63e8b,porcelain.business,available,3.31,15.73,high,low,9,spaceship,,,29/09/2026 13:43
254a3b70-9122-40ca-bea8-7b06d66bb268,agar.business,premium,16.9,16.9,medium,low,4,namecheap,,,17/09/2026 16:14
9df8905c-17f0-4c75-b207-e143c0772b30,arapaho.business,available,19.49,19.49,medium,low,7,namesilo,,,20/09/2026 00:08
b985996d-fbc1-4eb3-b6ed-9eaed7de1b00,shanxi.business,available,2.5,16.27,high,low,6,dynadot,,,30/09/2026 13:24
887c90ad-32e8-4263-bfbb-9e1c190ebfcd,studious.business,available,3.98,25.98,high,low,8,namecheap,,,10/08/2026 19:10
4390d024-2381-491d-8f2d-93e3697825bd,incorrupt.business,available,3.98,25.98,high,low,9,namecheap,,,22/08/2026 02:01
ff1bd8da-dff1-47dc-af0a-3651d67559f4,compromise.business,available,19.49,19.49,high,low,10,namesilo,,,24/09/2026 16:54
1f2149af-323d-4e3d-8168-d11fadacf175,baal.business,available,19.49,19.49,high,low,4,namesilo,,,21/09/2026 12:05
db28c900-3e43-441f-8b44-b199b8dfd5eb,neale.business,available,19.49,19.49,medium,low,5,namesilo,,,29/09/2026 04:02
2bf241fb-2f41-45d3-9e54-c3a5fb40add4,are.business,premium,36.3,36.3,high,low,3,dynadot,,,28/09/2026 22:00
44d154aa-8569-42fe-acb8-4f0e746452b5,armenians.business,available,9.99,35.99,medium,low,9,godaddy,,,01/10/2026 00:36
dfcbcfae-fae9-4bc3-b4f0-0cd43b331d51,softish.business,available,3.98,25.98,medium,low,7,namecheap,,,10/09/2026 03:22
aacf86e9-3809-47f4-97ad-62b256366a36,bawl.business,available,3.98,25.98,medium,low,4,namecheap,,,23/09/2026 06:25
5b5501fa-f753-46b1-afc5-187ec1a952fe,dispensed.business,available,3.98,25.98,medium,low,9,namecheap,,,14/08/2026 11:54
8537658f-73ca-46f7-a7b8-2b0a6b86bdf6,fragmented.business,available,3.98,25.98,medium,low,10,namecheap,,,14/08/2026 13:27
1b03cd65-2bf0-4bf4-a0e8-fb46aa34039f,tautog.business,available,19.49,19.49,medium,low,6,namesilo,,,24/09/2026 02:17
dd64b14c-7cc5-4fc7-90a7-553b6dd228de,narrowing.business,available,3.98,25.98,high,low,9,namecheap,,,12/08/2026 23:00
ce3343c9-e36a-4374-8a9b-80198580c678,experimentally.business,available,3.99,,medium,low,14,name.com,,,
6a5746ef-0620-49bf-bf19-329990b7fa79,gallantly.business,available,3.98,25.98,medium,low,9,namecheap,,,14/09/2026 06:45
b144274c-bcc6-44b9-9c08-114dc394364f,requests.business,available,19.49,19.49,medium,low,8,namesilo,,,17/09/2026 17:07
9c487c36-4032-43fd-bcf7-611ec5eabfa4,theobald.business,available,3.31,15.73,medium,low,8,spaceship,,,29/09/2026 15:20
f7544e88-28a9-4ca3-9417-ef04e55ea03c,jeanette.business,available,3.98,25.98,high,low,8,namecheap,,,29/09/2026 09:37
3353b05a-43aa-4f59-8406-0b471ae1d89f,chicks.business,available,19.49,19.49,medium,low,6,namesilo,,,20/09/2026 03:49
c1e11e6b-261b-48e7-884d-0cf9c16b6e07,cubes.business,available,3.31,15.73,medium,low,5,spaceship,,,30/09/2026 16:21
0d3a31b0-d044-4b24-8fc7-7c146c5f5fa6,sacrifice.business,available,19.49,19.49,high,low,9,namesilo,,,25/09/2026 10:25
c3aae55e-c97b-4dc2-b1b3-5fc12e43a3a1,germs.business,available,3.98,25.98,low,low,5,namecheap,,,20/09/2026 10:09
599b3a5e-6d9f-40d1-9055-f33357312ad0,but.business,premium,118.8,118.8,high,low,3,namesilo,,,25/09/2026 12:23
69e2638e-5e8f-4392-b13b-fc3773bf547f,greens.business,premium,102.67,102.67,high,low,6,spaceship,,,29/09/2026 21:34
6fbabba2-c11f-4783-a9d6-28fd4ba8946e,forthright.business,available,3.98,25.98,high,low,10,namecheap,,,11/08/2026 16:42
e2e3336b-9c8a-4e85-83aa-f2bd23bf3f57,launched.business,available,19.49,19.49,high,low,8,namesilo,,,18/09/2026 13:03
6c68c571-2d70-4668-a0f1-338b66e9a59d,heracles.business,available,19.49,19.49,high,low,8,namesilo,,,18/09/2026 04:03
6439c84e-57b2-4a65-b56e-c59e60ac0355,damon.business,available,3.31,15.73,medium,low,5,spaceship,,,28/09/2026 18:52
ecacebc7-f433-453a-990f-a6ee6d91faee,objector.business,available,3.98,25.98,medium,low,8,namecheap,,,14/08/2026 12:43
0fff1034-3617-444d-90a0-43a4eb450037,estonian.business,premium,118.8,118.8,medium,low,8,namesilo,,,17/08/2026 13:27
859e416c-0f93-4752-b093-aaa2ce0d3782,officious.business,available,3.98,25.98,medium,low,9,namecheap,,,11/08/2026 11:26
c0cf7171-554d-4115-af00-f16c2f5542a2,decayed.business,available,3.98,25.98,medium,low,7,namecheap,,,13/08/2026 20:59
131f05cf-5321-4a62-93df-4c1207dcf7b2,processor.business,available,3.31,15.73,high,low,9,spaceship,,,29/09/2026 11:51
9326242e-67fd-41b8-a1c4-468a81a54136,serene.business,available,3.98,25.98,high,low,6,namecheap,,,11/08/2026 14:51
aecb9243-d730-4c63-883a-cd78da986c55,hither.business,available,3.98,25.98,medium,low,6,namecheap,,,15/09/2026 00:48
0dd97b99-e793-47e2-a63c-fc37f290007d,catenulate.business,available,3.98,25.98,medium,low,10,namecheap,,,11/08/2026 21:32
432fd9cf-d923-4516-bd0d-6e7723f0a2b1,palsied.business,available,3.98,25.98,medium,low,7,namecheap,,,05/09/2026 00:19
a0757f74-2dac-475c-b3d6-be3d5a6985e1,adapid.business,available,19.49,19.49,low,low,6,namesilo,,,17/09/2026 06:24
29e53b19-577f-427a-8403-f0e7e840e5cf,flaky.business,available,3.98,25.98,high,low,5,namecheap,,,10/08/2026 10:06
eec4be2e-4bef-4c58-a4b0-8311c442620c,justus.business,available,3.31,15.73,high,low,6,spaceship,,,29/09/2026 22:14
5e1ee157-09f8-45de-b7f8-32d52f2a2beb,moshe.business,available,19.49,19.49,medium,low,5,namesilo,,,28/09/2026 12:12
41d184bb-d188-492f-ad47-d06c87cb7f0f,storytellers.business,available,19.49,19.49,high,low,12,namesilo,,,20/09/2026 12:55
1cc3627d-b8ae-4086-a53b-004d6d413926,allotropic.business,available,3.98,25.98,medium,low,10,namecheap,,,
83be913d-841e-4270-aca5-7d30cb03adca,apr.business,premium,16.9,16.9,high,low,3,namecheap,,,19/09/2026 22:28
675c1e59-94ad-40dd-940e-2a3b96697945,untimely.business,available,3.98,25.98,medium,low,8,namecheap,,,21/08/2026 19:32
7ae567b5-7092-4ffb-aa9e-603d06334b91,felon.business,available,3.98,25.98,medium,low,5,namecheap,,,13/08/2026 06:25
76e62d49-2baf-4c49-a0d1-6fe1e2906b9f,federated.business,available,3.98,25.98,high,low,9,namecheap,,,18/08/2026 00:38
38272bd5-c54b-4b85-bccf-a6cad725d8a3,guthrie.business,available,19.49,19.49,high,low,7,namesilo,,,25/09/2026 06:47
3c688f08-4cc8-4ce0-be9c-11c4f2aa85bf,unsettled.business,available,3.98,25.98,medium,low,9,namecheap,,,12/09/2026 19:22
2298bf59-d2e1-4ba1-b20c-aae7d22c1c5e,malice.business,available,2.57,15.96,high,low,6,porkbun,,,30/09/2026 17:58
fcb34d70-1f8f-4b0c-bdc7-8b5eda769f4d,takes.business,available,3.99,,medium,low,5,name.com,,,
1963e6d1-139b-4441-99b1-659b4a4f4c5c,berg.business,resell,,,high,low,4,"Sav.com, LLC - 36",24/04/2026 15:15,24/04/2027 15:15,26/09/2026 04:22
e5702f94-3f8f-4001-911f-51d53e61fe70,unavailable.business,available,19.49,19.49,medium,low,11,namesilo,,,29/09/2026 03:22
080aa308-9b16-42cb-8c2e-53b9a997750b,summery.business,available,3.98,25.98,medium,low,7,namecheap,,,11/09/2026 01:38
cbf4acb4-4681-4b73-a205-8bba59ccc8a5,cyclic.business,available,3.99,27.99,high,low,6,name.com,,,13/08/2026 13:31
b63abb7f-7510-4d07-8fdf-769603452462,involute.business,available,3.98,25.98,high,low,8,namecheap,,,22/08/2026 09:12
499d2347-6a0e-49a9-a8ff-051b4bf30ea4,enteral.business,available,3.98,25.98,medium,low,7,namecheap,,,17/08/2026 09:55
47eb7b0f-1919-4098-8b46-dc023a4b0b75,slashing.business,available,3.98,25.98,medium,low,8,namecheap,,,10/09/2026 10:08
49ba8c10-f106-408a-be26-80943154bed8,seagirt.business,available,3.98,25.98,medium,low,7,namecheap,,,10/09/2026 00:39
07178546-fb40-4fd8-a849-5e24e502f4bd,zane.business,available,2.57,15.96,high,low,4,porkbun,,,29/09/2026 04:01
a92a3c55-e092-4c7f-96de-a4a1dfa0b2cc,stria.business,available,3.98,25.98,medium,low,5,namecheap,,,22/09/2026 01:18
57072eb1-c29e-41dd-9cb2-cd1efa7f365d,daughters.business,available,19.49,19.49,medium,low,9,namesilo,,,17/09/2026 17:42
cafdef11-1a56-4744-b3db-d177ca6b4de9,zhang.business,premium,38.94,38.94,high,low,5,namesilo,,,25/09/2026 15:58
cc57402b-95fc-4c7c-ac66-2c48f1fac8a5,folded.business,available,2.5,16.27,medium,low,6,dynadot,,,28/09/2026 16:55
36aaea2f-7aba-4650-b824-bf18e73081d6,lan.business,premium,118.8,118.8,high,low,3,namesilo,,,30/09/2026 02:02
c2b540eb-90c1-41e8-83cb-4a47340c58bb,encircled.business,available,3.98,25.98,medium,low,9,namecheap,,,16/08/2026 22:19
4f01e1e0-3981-4c0a-b070-1e7c45693dd2,rheumatoid.business,available,3.98,25.98,medium,low,10,namecheap,,,06/08/2026 23:10
8d114dd0-224d-4019-adb8-a93a56c0b697,cutting.business,available,3.99,27.99,high,low,7,name.com,,,13/08/2026 13:12
1d9743e9-f251-45e3-b696-47bfa002f07a,guest.business,available,19.49,19.49,high,low,5,namesilo,,,29/09/2026 17:42
501e712f-c1f6-4835-8d4f-1f9a636ea409,bedspread.business,available,19.49,19.49,high,low,9,namesilo,,,22/09/2026 22:52
92281a66-e5c3-43e5-b447-76be1b1b9dbb,experimental.business,available,3.99,,high,low,12,name.com,,,
eea362ee-a22c-411e-8f3b-9c0235fea7a3,jug.business,premium,36.3,36.3,high,low,3,dynadot,,,29/09/2026 12:28
d26543bf-385c-452f-86a8-9f9e03d33f85,feature.business,available,15.2,15.2,high,low,7,cloudflare,,,30/09/2026 13:50
ba2c1645-76c1-44f7-9286-ddf2e246681a,chartless.business,available,3.98,25.98,medium,low,9,namecheap,,,12/08/2026 02:52
5dc2c334-db85-4675-b140-1faa1c9ece96,connatural.business,available,3.98,25.98,medium,low,10,namecheap,,,12/08/2026 22:18
aa413979-dd3f-49a9-a65f-b74cc7b7f161,horowitz.business,available,19.49,19.49,medium,low,8,namesilo,,,28/09/2026 10:06
36e05abe-432f-4a0d-927d-e50b90c506cd,dread.business,available,3.98,25.98,high,low,5,namecheap,,,14/08/2026 18:38
b00d5f94-e539-4b53-8fb2-4446ea71f7fa,crush.business,available,3.98,25.98,high,low,5,namecheap,,,09/08/2026 05:21
ed2eb7ad-52f0-498d-9b65-8d9f5cd96ec2,encourage.business,available,3.31,15.73,high,low,9,spaceship,,,30/09/2026 19:02
66eda724-90af-45a6-bdf8-74624ad025b8,repressed.business,available,3.98,25.98,medium,low,9,namecheap,,,08/09/2026 14:49
72f29cad-a413-4760-a0a0-a7db1b4afa72,champaign.business,available,3.98,25.98,medium,low,9,namecheap,,,08/09/2026 20:30
d241539a-1b68-41bd-bb4b-50710ef6a333,glaucous.business,available,3.98,25.98,medium,low,8,namecheap,,,20/08/2026 14:16
5bd04adf-d10d-4e29-b4ca-6734e63c3433,independent.business,premium,38.94,38.94,high,low,11,namesilo,,,01/10/2026 00:33
3aa0f505-a256-47c1-a529-b524d90a0903,xxxv.business,available,3.98,25.98,medium,low,4,namecheap,,,
a669236e-97a1-4722-8b30-040afcd70488,amaranth.business,available,19.49,19.49,medium,low,8,namesilo,,,18/09/2026 15:50
a80f98fd-5a6f-44dc-89f4-8424f7b4af96,bohrium.business,available,19.49,19.49,medium,low,7,namesilo,,,20/09/2026 22:07
5309de26-994b-4b1b-bba3-a55858311fc3,alt.business,resell,,,high,medium,3,"Sav.com, LLC - 29",17/09/2025 15:15,17/09/2027 15:15,26/09/2026 03:49
7fdc4f82-fe47-45c3-8fc6-d20ba7334925,roughly.business,available,19.49,19.49,medium,low,7,namesilo,,,21/09/2026 14:14
2d802e5e-606e-4aa3-9bd3-785c4370376c,whip.business,available,3.31,15.73,high,low,4,spaceship,,,28/09/2026 11:01
d1280e88-ac4a-44a3-ae25-6ff3d6242b5a,stepwise.business,available,3.98,25.98,high,low,8,namecheap,,,10/08/2026 07:12
8c9f8481-e968-4aef-8896-26b36ab431ce,poverty.business,available,3.31,15.73,medium,low,7,spaceship,,,29/09/2026 23:35
2d69fcae-e582-4a34-8cfb-b4cc52fc637b,stub.business,available,19.49,19.49,high,low,4,namesilo,,,24/09/2026 13:57
17bd48fa-76ae-4dc0-b57f-77052348e053,meditative.business,available,3.98,25.98,high,low,10,namecheap,,,11/08/2026 05:56
3b16763e-62c2-4c47-be01-824f6054e4d4,panels.business,available,19.49,19.49,medium,low,6,namesilo,,,19/09/2026 23:14
dda82b34-7f04-46cd-8459-d9590dc3bbbe,dresser.business,available,19.49,19.49,medium,low,7,namesilo,,,17/09/2026 05:17
3af942ea-e7e9-42c1-a8ec-7b42febe1bd4,sti.business,premium,7.37,14.72,high,low,3,porkbun,,,30/09/2026 19:35
f506570c-fed5-48ec-8565-9ed7c7ac657f,tension.business,available,3.31,15.73,high,low,7,spaceship,,,27/09/2026 14:38
a2c6c68c-3694-4fb5-b081-70c4738986c4,users.business,premium,118.8,118.8,high,low,5,namesilo,,,17/09/2026 23:19
b87529ec-70d1-4c69-9bab-52bfc54df003,bronzy.business,available,3.98,25.98,medium,low,6,namecheap,,,11/08/2026 05:39
57674c85-342f-4a69-95dd-39fbfec27363,bilk.business,available,3.98,25.98,medium,low,4,namecheap,,,09/09/2026 08:21
c89a17dd-523e-45a4-b78a-cb831c871770,urethral.business,available,3.98,25.98,medium,low,8,namecheap,,,12/09/2026 23:35
837910ee-0be4-4f8f-ba4c-52a516474d39,proved.business,available,19.49,19.49,high,low,6,namesilo,,,27/09/2026 07:48
b252fe71-8e54-48f5-a1c4-188cf7fba145,verify.business,resell,,,high,medium,6,"Sav.com, LLC - 1",07/05/2026 15:15,07/05/2027 15:15,30/09/2026 12:41
d92e145c-6027-437c-8c55-bd20342d668d,odyssey.business,resell,,,high,medium,7,,,,29/09/2026 19:51
498b7edb-8348-4c61-9228-ea2fde84168a,newsless.business,available,3.98,25.98,low,low,8,namecheap,,,03/09/2026 16:52
50bc4409-8d34-4024-929b-901c8dbdfd07,transporter.business,available,19.49,19.49,high,low,11,namesilo,,,30/09/2026 11:44
dd46ab0b-7591-4956-94d2-abfd31fc3e9e,nang.business,available,2.5,16.27,high,low,4,dynadot,,,30/09/2026 19:24
102cb356-0c53-4c30-8cc0-3fbe277dc24d,armagh.business,available,3.31,15.73,medium,low,6,spaceship,,,29/09/2026 10:03
ec1e421f-466e-4ceb-b4e7-ed65e1779254,won.business,premium,54.36,108.6,high,low,3,porkbun,,,28/09/2026 10:43
a8a60c29-3a89-409b-8c60-cfb0dcdffb9d,ugandan.business,available,3.98,25.98,medium,low,7,namecheap,,,11/09/2026 22:40
e424202c-32af-4373-9e73-d627f642df1d,stellate.business,available,3.98,25.98,medium,low,8,namecheap,,,09/09/2026 09:34
5475d250-223d-457d-91da-595fc3275b34,calcutta.business,premium,102.67,102.67,high,low,8,spaceship,,,30/09/2026 00:56
79acd8a4-b139-4165-b186-5fd4f0114381,algorism.business,available,3.98,25.98,medium,low,8,namecheap,,,18/09/2026 07:14
20ecc4f8-bf6f-4dc2-8545-c0d317de688c,stockbridge.business,available,2.57,15.96,medium,low,11,porkbun,,,30/09/2026 05:42
180d91a5-d5e7-426a-8cb0-6bca7222c966,shear.business,available,19.49,19.49,medium,low,5,namesilo,,,30/09/2026 11:04
c7b5fe8a-41e1-4d24-933b-40131d57d131,dendroid.business,available,3.98,25.98,medium,low,8,namecheap,,,06/08/2026 13:50
1367ee26-41e3-4760-b238-85fb5097d11e,lanthanum.business,available,19.49,19.49,medium,low,9,namesilo,,,20/09/2026 23:20
bedbdede-eb1f-449d-a584-7994c56dd442,fishtail.business,available,3.99,,high,low,9,name.com,,,
7da82d51-bed0-43ef-9045-639fe8426311,interruption.business,available,19.49,19.49,medium,low,12,namesilo,,,29/09/2026 15:58
0aa00ef9-aafc-46a7-aae9-f5dbd182b085,demographic.business,available,3.31,15.73,high,low,11,spaceship,,,29/09/2026 14:24
e6fa407d-4b9e-474c-8c37-ebed9eaf8d6e,rhodium.business,available,19.49,19.49,medium,low,7,namesilo,,,20/09/2026 23:08
a467abb3-f51c-4972-a5a9-cdf317b14f2f,eery.business,available,3.98,25.98,medium,low,4,namecheap,,,15/08/2026 12:45
0130bf4c-573a-4d99-8626-9f4b41799b3d,swoosh.business,available,3.98,25.98,high,low,6,namecheap,,,11/09/2026 05:52
4240963f-fa35-4ba9-8b2e-59d0adc92fa3,journalists.business,available,19.49,19.49,medium,low,11,namesilo,,,29/09/2026 10:52
5a1efc3c-1c82-4529-9cc2-faa6d921ea46,geothermal.business,premium,15.34,15.34,high,low,10,namesilo,,,18/08/2026 22:39
16d6607a-130e-4cdb-bea0-210430605f72,theater.business,premium,440,440,high,low,7,dynadot,,,30/09/2026 15:56
1a585644-746e-4a51-ba42-b0292f5af8a4,tessa.business,available,19.49,19.49,high,low,5,namesilo,,,30/09/2026 04:17
b3d5cb45-83f3-461d-81ed-2fac277b14d2,fuckster.business,available,3.99,,medium,low,8,name.com,,,
94d3bd44-1f15-48ab-85a2-0e38b474d6c3,babies.business,premium,118.8,118.8,high,low,6,namesilo,,,
970b7112-e5b9-4495-a55f-da9a49fa5e68,exactly.business,available,19.49,19.49,high,low,7,namesilo,,,26/09/2026 00:15
28d0660c-49e3-4d9b-a77a-fea5c4fe761f,dmitry.business,available,19.49,19.49,high,low,6,namesilo,,,29/09/2026 15:33
610d4918-ead5-440c-a497-af928776361c,laborer.business,available,15.2,15.2,high,low,7,cloudflare,,,30/09/2026 01:52
9375bd6b-2d90-4de5-9188-38c500b20988,operators.business,available,3.98,25.98,high,low,9,namecheap,,,28/09/2026 09:08
321b10b4-9fe5-449c-9a14-af9fdeca7984,indicates.business,available,19.49,19.49,medium,low,9,namesilo,,,28/09/2026 08:19
df850306-9cae-4f81-97cd-b3c163c9ebb6,brumous.business,available,3.98,25.98,medium,low,7,namecheap,,,11/08/2026 06:49
a1bd7661-7292-4048-8ed0-b041c201a1b5,focally.business,available,3.98,25.98,medium,low,7,namecheap,,,14/09/2026 19:10
0708e0f1-6172-4754-934f-0eded46181cd,cindy.business,available,3.99,,high,low,5,name.com,,,
f02606f5-2ce6-482d-920f-f422865c74da,airflow.business,available,19.49,19.49,high,low,7,namesilo,,,17/09/2026 22:13
3589f7b6-fb73-4d86-9b1f-f03b4879d779,alternative.business,resell,,,high,low,11,"Spaceship, Inc.",20/12/2020 08:34,20/12/2026 08:34,26/09/2026 03:49
769b5b0d-b2c1-4927-9c4e-6597c963bfac,meddlesome.business,available,3.98,25.98,medium,low,10,namecheap,,,11/08/2026 11:23
aee59bd4-6c4d-45da-8d9c-2010081ff88b,blackcock.business,available,3.98,25.98,medium,low,9,namecheap,,,24/09/2026 00:30
922a8274-d8a2-4613-b227-cd9bc0c26547,jerk.business,available,19.49,19.49,high,low,4,namesilo,,,25/09/2026 11:41
1cb35701-9470-4425-aeb7-d8f2354b5c79,evenly.business,available,3.98,25.98,medium,low,6,namecheap,,,14/09/2026 16:30
3ef956cf-07d0-4243-87b8-b3702308f8bf,pretty.business,premium,118.8,118.8,high,low,6,namesilo,,,25/09/2026 12:04
17e96711-2792-49e6-a2f3-eea99988b5a9,associates.business,premium,128.7,128.7,medium,low,10,namecheap,,,28/09/2026 08:50
db995020-b619-4fae-a323-2f8ede5a9bda,lewd.business,available,3.98,25.98,high,low,4,namecheap,,,22/08/2026 20:07
199159b7-3582-46ae-b111-ad85d7919bcc,addison.business,premium,13.66,13.66,medium,low,7,spaceship,,,29/09/2026 23:23
74972ce0-7e0e-4608-9234-94f553c5bdf4,alkyne.business,available,19.49,19.49,medium,low,6,namesilo,,,17/09/2026 00:25
777308ed-7c08-407b-af6a-c7535812da98,tubal.business,available,3.98,25.98,medium,low,5,namecheap,,,11/09/2026 20:53
439e61de-b70a-4c3f-9722-05b9b8a416f9,blastoff.business,available,19.49,19.49,high,low,8,namesilo,,,24/09/2026 04:43
1a31c2da-0d46-40c8-b568-e7aad7a6d8dd,defended.business,available,19.49,19.49,low,low,8,namesilo,,,29/09/2026 05:23
7733bd47-5eeb-43e4-9580-565798b17aab,believing.business,available,19.49,19.49,high,low,9,namesilo,,,23/09/2026 05:15
046ca610-f0d7-4a18-b09f-62d2d4495c73,sororal.business,available,3.98,25.98,medium,low,7,namecheap,,,10/09/2026 08:56
75805298-6efa-48b1-81e1-f0fe78969123,turndown.business,available,3.99,,high,low,9,name.com,,,
02f84a73-db17-4496-87a8-c805ef59d3ad,conserved.business,available,3.98,25.98,high,low,9,namecheap,,,12/08/2026 22:38
f93a816b-3951-434b-8567-b69d5d9fd87a,napping.business,available,3.98,25.98,high,low,7,namecheap,,,03/09/2026 13:07
d4af451f-e944-4e1d-89c8-c3d397c9d39f,outlets.business,available,3.98,25.98,medium,low,7,namecheap,,,21/09/2026 06:33
28b42e3e-194a-462d-9697-dc1368107b97,nazareth.business,available,15.2,15.2,medium,low,8,cloudflare,,,01/10/2026 03:03
ab5c55d3-60a8-4045-a729-ac126a6984a3,peddling.business,available,15.2,15.2,high,low,8,cloudflare,,,30/09/2026 02:33
69dfe604-34e9-4e65-aded-43d4faa6f144,outlandish.business,available,3.98,25.98,medium,low,10,namecheap,,,10/08/2026 10:37
d3daabd2-d222-4747-b208-c6b7e8adb2f7,aurally.business,available,3.98,25.98,medium,low,7,namecheap,,,13/09/2026 22:46
14019149-01fe-4713-b8a7-fa64be711910,narration.business,available,3.98,25.98,high,low,9,namecheap,,,03/09/2026 13:18
3dc1cd1b-1005-424f-a3dd-0f3f213e40c7,puri.business,available,2.5,16.27,high,low,4,dynadot,,,30/09/2026 11:54
661c2fbe-9deb-436b-b89e-e7b663ecbf27,lingually.business,available,3.98,25.98,medium,low,9,namecheap,,,15/09/2026 12:28
a4a96188-1b69-40eb-ab45-45d472eca2e9,numerous.business,available,3.98,25.98,high,low,8,namecheap,,,22/08/2026 23:01
36f49ec3-c4a7-46c7-97a6-0d82feba185d,recognizing.business,available,3.31,15.73,medium,low,11,spaceship,,,30/09/2026 23:30
9931331f-5433-4ac0-9d7c-bd7529a0982e,operational.business,available,3.31,15.73,high,low,11,spaceship,,,28/09/2026 07:11
3a845a1e-8641-42e4-b5eb-2cb8e4a46f32,miffed.business,available,,,medium,low,6,,,,
b34856e0-754c-47c4-90f1-d8bfd5466843,resister.business,available,19.49,19.49,medium,low,8,namesilo,,,17/09/2026 10:48
be5d59d0-1e4e-4766-8daa-98b96481e29a,trigon.business,available,3.98,25.98,high,low,6,namecheap,,,11/09/2026 19:46
0aef1b1b-be7a-4ce7-8e8d-cd96395e9e36,gma.business,premium,,,high,low,3,,,,29/09/2026 21:30
1c61a850-e6c7-40e1-8d58-0c2ab6e250e8,sustenance.business,available,19.49,19.49,high,low,10,namesilo,,,18/09/2026 07:54
082aa169-7441-49f2-bcfd-cac4e4124742,undeclared.business,available,3.98,25.98,medium,low,10,namecheap,,,12/09/2026 07:06
a32bf75e-62d9-46ba-a5c1-b2f5419134ef,washup.business,available,19.49,19.49,medium,low,6,namesilo,,,24/09/2026 22:42
338dca4f-a401-40f4-98f6-0d159d4c42af,overboard.business,available,3.98,25.98,high,low,9,namecheap,,,15/09/2026 18:25
71a60a71-856b-4869-a053-17069b1896bb,cyprinoid.business,available,3.99,27.99,medium,low,9,name.com,,,13/08/2026 14:30
73d29504-541d-4063-9895-7ac370a69d35,weights.business,available,3.99,,medium,low,7,name.com,,,
ee89f83d-221f-415c-b1bd-91db96feecee,cuthbert.business,available,3.31,15.73,medium,low,8,spaceship,,,29/09/2026 03:58
44f5346d-6e9e-4eb1-bb87-5075a60a3e43,anyway.business,available,3.31,15.73,high,low,6,spaceship,,,28/09/2026 12:17
4af3fbc4-c6d9-41fb-872c-c53244e92cec,darwin.business,premium,,,high,low,6,,,,29/09/2026 00:25
0c8d24bb-a5e1-41ae-9597-0f24283286f5,epidermic.business,available,3.99,27.99,medium,low,9,name.com,,,13/08/2026 13:09
65f7f97f-8637-446c-aaa3-a82c87cf6922,triploid.business,available,3.98,25.98,medium,low,8,namecheap,,,11/09/2026 20:10
a6c94305-3926-430b-b74b-23237b1ca2d6,beira.business,available,19.49,19.49,medium,low,5,namesilo,,,23/09/2026 04:20
ebd33fb7-c116-446f-8b59-073c372cbbac,barbel.business,available,19.49,19.49,medium,low,6,namesilo,,,22/09/2026 04:47
acc246ec-f4d5-43c8-9d73-2fc903cf773a,muir.business,available,3.31,15.73,medium,low,4,spaceship,,,29/09/2026 19:25
2fefeeab-44fd-4e40-ab74-07e5223c958e,dues.business,available,3.99,27.99,high,low,4,name.com,,,19/09/2026 19:46
7c25d9ca-9cc6-46ac-b870-c4b9a0f33aa4,chivalry.business,available,19.49,19.49,high,low,8,namesilo,,,01/10/2026 01:21
b78f1b19-a755-4aaf-8d37-1c1acad56877,aliyah.business,available,19.49,19.49,high,low,6,namesilo,,,18/09/2026 08:11
804edebc-24cb-40eb-89af-970ee63e4b28,stunting.business,available,19.49,19.49,high,low,8,namesilo,,,17/09/2026 12:54
5e4fd657-6c85-41f0-b521-1eaa2ac733c8,plano.business,premium,102.67,102.67,high,low,5,spaceship,,,30/09/2026 18:20
ac42423c-1f52-47d2-9722-7225f19e520e,drawer.business,available,3.98,25.98,high,low,6,namecheap,,,24/09/2026 23:56
109c36a6-4b7d-4bd9-829e-f1810927b448,multiple.business,premium,512,512,high,low,8,namesilo,,,25/09/2026 22:06
704de4fe-7bcc-4f59-bd06-024c14bcce94,woollen.business,available,3.98,25.98,high,low,7,namecheap,,,13/09/2026 13:15
1f9a0a6b-49e5-4d59-944c-cd5bd7bcca33,graven.business,available,3.98,25.98,medium,low,6,namecheap,,,17/08/2026 07:43
9154c6ad-56f8-47fc-a161-1e72425297fe,splay.business,available,3.98,25.98,medium,low,5,namecheap,,,10/09/2026 16:06
3f0acada-776f-43f4-9eec-9fa968952ccf,hiking.business,available,3.31,15.73,high,low,6,spaceship,,,29/09/2026 01:18
5a1bf744-2b7f-4d46-a7a5-53e6fe8373de,aroid.business,available,3.98,25.98,medium,low,5,namecheap,,,06/08/2026 11:30
f167df02-9e8c-41e7-b1b3-271b99f15b14,survivor.business,available,2.5,16.27,high,low,8,dynadot,,,28/09/2026 10:58
6f39a49d-d0f4-48fb-b84d-5dd1ff16f5e8,naval.business,premium,15.34,15.34,high,low,5,namesilo,,,03/09/2026 14:07
e5a45386-5046-4636-a037-44ac54487d15,submit.business,resell,,,high,low,6,,,,27/09/2026 16:26
4e338b58-1bb7-4613-af33-90e6a3bc7e56,whiteside.business,available,3.31,15.73,medium,low,9,spaceship,,,30/09/2026 20:26
59361878-fa7f-4b0c-ab5f-e383fa236536,companionship.business,available,3.98,25.98,high,low,13,namecheap,,,30/09/2026 22:32
7a9b125f-5635-4f86-b984-c1a3b9eb349a,financing.business,premium,512,512,high,low,9,namesilo,,,29/09/2026 12:21
c9b4f3e3-a0e9-4989-ab64-e863978e5f31,multiflora.business,available,19.49,19.49,high,low,10,namesilo,,,21/09/2026 13:38
bcc8a619-f6ba-40aa-a6c9-668828f5a672,ourselves.business,available,19.49,19.49,medium,low,9,namesilo,,,27/09/2026 08:55
4d7901cb-df96-41d6-aa13-2844859619a1,heap.business,available,3.98,25.98,high,low,4,namecheap,,,25/08/2026 00:28
93dce0df-203e-4ac4-ba7e-a9c969b91277,clientele.business,available,19.49,19.49,high,low,9,namesilo,,,24/09/2026 15:37
b2f51477-86a1-4a9f-ab59-6c806330779e,euclidean.business,available,3.98,25.98,medium,low,9,namecheap,,,17/08/2026 14:06
96b55e1e-1b4c-47a7-ab3b-c6959563eaeb,complicated.business,available,19.49,19.49,high,low,11,namesilo,,,01/10/2026 01:52
f21adebd-8d09-4e35-80aa-9b8d40239b29,crap.business,available,15.2,15.2,medium,low,4,cloudflare,,,29/09/2026 05:21
09baca44-e31d-4cca-b05d-820afe62a966,monastery.business,available,3.31,15.73,high,low,9,spaceship,,,28/09/2026 19:54
7f88802f-ec4a-429e-8669-03c457026594,acne.business,available,2.5,16.27,medium,low,4,dynadot,,,28/09/2026 17:51
35d8826d-d133-4c05-9c60-224192492c06,transferring.business,available,15.2,15.2,high,low,12,cloudflare,,,28/09/2026 16:00
78a52e6e-cbd2-42c1-8e1b-1104faded1b0,crosby.business,available,3.98,25.98,high,low,6,namecheap,,,23/09/2026 17:15
2ad93830-ec4b-4dc3-b646-cc21155c0a3f,theft.business,available,3.98,25.98,high,low,5,namecheap,,,08/09/2026 07:55
0deae4bf-a849-433d-91a8-a0bef180af46,thief.business,available,3.31,15.73,high,low,5,spaceship,,,30/09/2026 11:55
9da9ee20-a25a-40af-8cde-56ae0e75ccf9,endogenic.business,available,3.98,25.98,medium,low,9,namecheap,,,17/08/2026 01:13
fc5a9f8f-94a8-4302-9cb1-0556eff336c6,ripened.business,available,3.98,25.98,high,low,7,namecheap,,,09/09/2026 17:55
5818009e-95a4-4912-a2be-719c5de88170,bangla.business,available,19.49,19.49,high,low,6,namesilo,,,22/09/2026 01:51
e923f90d-a731-424a-beb8-d38abe293d00,conduct.business,premium,128.7,128.7,high,low,7,namecheap,,,23/09/2026 03:13
0c39640e-3097-4924-9f95-4ea6b6be200c,sydney.business,premium,512,512,high,low,6,namesilo,,,25/09/2026 10:47
33c021fe-ac02-4408-b7e6-c9245ed2eec7,ghent.business,available,19.49,19.49,medium,low,5,namesilo,,,27/09/2026 04:10
79550cdd-cae0-44e2-9979-b5601494f89a,mammals.business,available,19.49,19.49,medium,low,7,namesilo,,,30/09/2026 06:09
089d8cfe-0e8f-4d82-ba2a-059278163717,banca.business,available,15.34,15.34,high,low,5,namesilo,,,01/10/2026 04:38
bc1d9614-841a-45b5-bc7d-4a853b8723a4,adjustable.business,available,3.98,25.98,high,low,10,namecheap,,,21/09/2026 18:40
bda28a7e-2f51-4e61-ab10-eef4d1f5bf4f,careful.business,available,19.49,19.49,high,low,7,namesilo,,,23/09/2026 12:50
33480336-fb6b-4a96-b0b1-8237bb33698e,baseline.business,available,19.49,19.49,high,low,8,namesilo,,,22/09/2026 10:15
b60330ad-0e55-4724-8239-299cd07fdb98,traits.business,available,2.5,16.27,medium,low,6,dynadot,,,30/09/2026 06:21
26dd2c45-4f93-4df2-b3dd-2454cdb71391,neill.business,available,19.49,19.49,medium,low,5,namesilo,,,28/09/2026 23:29
9471274d-13fb-46d3-9657-5f09faaed3cf,abridger.business,available,19.49,19.49,medium,low,8,namesilo,,,16/09/2026 14:35
b2478d09-7bb6-4b19-9091-f049edf9cd6e,johnson.business,premium,118.8,118.8,high,low,7,namesilo,,,19/09/2026 04:46
12ec1cb8-d036-4038-b848-041381abc89f,azerbaijani.business,available,19.49,19.49,high,low,11,namesilo,,,29/09/2026 14:18
4ea71661-d0c6-4b80-b0c0-e065e8697ad9,desperate.business,available,3.98,25.98,medium,low,9,namecheap,,,14/08/2026 03:58
1b0c785c-2fcc-43d0-9d6a-e476c032c729,launcher.business,available,15.2,15.2,high,low,8,cloudflare,,,01/10/2026 02:51
54f8d4aa-ed84-4ac1-9903-aa459f2fc4dd,albedo.business,available,19.49,19.49,high,low,6,namesilo,,,18/09/2026 02:30
1a181fe7-8937-41f2-9f55-a30196107167,stare.business,available,19.49,19.49,high,low,5,namesilo,,,28/09/2026 09:52
da54e813-a6fc-4013-b985-e6461ecc3f5a,revered.business,available,3.31,15.73,high,low,7,spaceship,,,27/09/2026 14:02
85cadf3d-87ed-46d2-889a-cb6d1d367aa8,unlovable.business,available,3.98,25.98,medium,low,9,namecheap,,,12/09/2026 15:08
6dde4666-7c7f-47fa-818e-699958a2fa7f,hays.business,available,3.98,25.98,medium,low,4,namecheap,,,20/09/2026 10:51
a56581c2-3350-4538-b7dd-ab25f52194d5,pros.business,resell,,,high,low,4,"GoDaddy.com, LLC",05/02/2026 19:51,05/02/2027 19:51,26/09/2026 08:23
465d0b78-25cf-4638-9139-5e63da629eca,listeners.business,available,19.49,19.49,medium,low,9,namesilo,,,29/09/2026 17:43
f5357c3f-b3c0-4e25-b923-d353886f090d,charities.business,available,15.2,15.2,medium,low,9,cloudflare,,,30/09/2026 06:10
bee723dd-7a20-43d7-b042-b72c3c049b9a,cumulous.business,available,3.98,25.98,medium,low,8,namecheap,,,13/08/2026 10:30
e8873a03-b9fb-4b2e-99cf-c51d6d717874,discussions.business,available,3.31,15.73,medium,low,11,spaceship,,,29/09/2026 16:36
46679790-dc7c-49d8-b62f-e08d3541c9c6,hurricanes.business,available,19.49,19.49,medium,low,10,namesilo,,,30/09/2026 15:08
51724085-3132-455e-bbdd-80ae19e5ecaa,fonda.business,available,19.49,19.49,high,low,5,namesilo,,,29/09/2026 06:57
f5a06abb-fe66-42f2-807c-2d4dc3ef56fc,environmental.business,premium,520,520,high,low,13,namecheap,,,
e15c03b2-d40f-4230-8203-f2f3fb1aaef8,commandant.business,available,2.57,15.96,high,low,10,porkbun,,,01/10/2026 01:32
1ffbdaed-8eba-4c2f-b20b-129f44a99697,asylum.business,available,3.98,25.98,high,low,6,namecheap,,,20/09/2026 18:37
c0d64923-2981-483e-9e22-97cc85d86b67,adroitly.business,available,3.98,25.98,medium,low,8,namecheap,,,13/09/2026 17:25
95912173-30e2-41c7-83f0-0de2f86ae1a0,arminius.business,available,3.98,25.98,medium,low,8,namecheap,,,20/09/2026 07:08
794dfe7e-ce0c-4626-b2f9-7d81733f8020,marble.business,resell,,,high,low,6,"Sav.com, LLC - 42",21/08/2026 15:15,21/08/2027 15:15,30/09/2026 03:53
fcea3e6a-9182-47f6-824d-dc4b9a4c8e4d,respiratory.business,available,3.99,,high,low,11,name.com,,,
44a33e85-5361-4bf9-bd03-70eb296c8acc,politically.business,available,3.31,15.73,medium,low,11,spaceship,,,28/09/2026 11:12
62f5a006-3b07-46fa-b2a0-e63b195ca7fb,accomplice.business,available,19.49,19.49,high,low,10,namesilo,,,16/09/2026 22:50
25ad9ad9-8331-4fd2-82fd-816ef915d266,skintight.business,available,3.98,25.98,medium,low,9,namecheap,,,10/09/2026 09:40
6563e69f-3bf2-4c37-85ab-c6b25a285897,fluke.business,available,3.31,15.73,medium,low,5,spaceship,,,01/10/2026 02:12
ec6f97ad-ad89-4e36-ae4d-51d0b6e03a8d,statistic.business,available,3.31,15.73,high,low,9,spaceship,,,30/09/2026 11:05
8c875341-2ec0-4270-b567-ac43700a4a48,scarey.business,available,3.98,25.98,medium,low,6,namecheap,,,12/08/2026 05:21
47b3319c-1b37-43ff-b8dd-98ca80bc8b50,thrust.business,available,19.49,19.49,high,low,6,namesilo,,,25/09/2026 00:11
fc837520-813b-4421-97ca-d403632ccbab,borne.business,available,3.99,,medium,low,5,name.com,,,
98ab2524-d0cf-4d22-a388-7cda54b1dd67,sheppard.business,available,19.49,19.49,medium,low,8,namesilo,,,27/09/2026 08:04
79eed8ed-99d7-4133-9cb9-d5619c838cd6,lillie.business,available,19.49,19.49,high,low,6,namesilo,,,22/09/2026 21:47
b538dbac-5a97-42f5-9c79-f1427bddfaf8,remembered.business,available,3.98,25.98,high,low,10,namecheap,,,17/09/2026 12:04
164755f2-aea0-4018-a09b-883087ff13d6,dastard.business,available,3.99,27.99,medium,low,7,name.com,,,13/08/2026 18:32
9f5361bf-a55c-4d43-b742-3767c6fa19e2,charivari.business,available,3.98,25.98,medium,low,9,namecheap,,,23/09/2026 06:08
f82cd510-f22a-4c0b-9655-f8d45833a892,ethiopian.business,premium,118.8,118.8,high,low,9,namesilo,,,17/08/2026 13:47
12435bdf-1168-4c6a-889d-8ecef2d8e73f,trilingual.business,available,3.98,25.98,high,low,10,namecheap,,,11/09/2026 19:48
4d63ada1-86bd-498f-8a99-c12944e0a37e,forth.business,available,19.49,19.49,high,low,5,namesilo,,,22/09/2026 14:59
d911a987-9e93-4b70-b373-07c14a8c80ca,gospel.business,available,19.49,19.49,high,low,6,namesilo,,,24/09/2026 14:58
160d136a-8c01-4174-a7d6-7efa4861ca82,cephalopod.business,available,3.98,25.98,medium,low,10,namecheap,,,12/08/2026 00:21
b6ea32b2-5f0b-4bee-815f-44ea35c10a5b,garfish.business,available,19.49,19.49,medium,low,7,namesilo,,,23/09/2026 16:11
e0441fa6-0c3e-4659-9261-80357c8b7f44,stocking.business,available,15.2,15.2,high,low,8,cloudflare,,,29/09/2026 14:00
c2aa0488-a410-4e29-a67f-ba762c407308,ladle.business,available,3.98,25.98,high,low,5,namecheap,,,22/08/2026 18:34
91a3e935-ed4f-4a48-9a61-109665517dc3,agnathan.business,available,3.98,25.98,medium,low,8,namecheap,,,17/09/2026 18:33
91c4cc26-f369-4b0c-b355-383d5f9a3fce,turpin.business,available,2.57,15.96,medium,low,6,porkbun,,,01/10/2026 01:44
72d1c656-1efc-421d-9623-102f78bf2c22,stating.business,available,3.99,,high,low,7,name.com,,,
b06028f4-7d6f-4d25-a6be-665bc5370a9b,softly.business,available,19.49,19.49,high,low,6,namesilo,,,27/09/2026 03:45
6e1aa85b-117b-49b6-8c1a-57c8773d7218,phipps.business,available,19.49,19.49,medium,low,6,namesilo,,,29/09/2026 04:24
8ac04d53-1678-4a4f-8bae-24e752907f69,digging.business,available,15.2,15.2,high,low,7,cloudflare,,,27/09/2026 13:02
495947f3-eca7-4ce8-9577-898a44123af6,tampa.business,premium,520,520,high,low,5,namecheap,,,29/09/2026 20:28
4ae90c39-7156-4742-83c1-fe16d5d3793c,sublimed.business,available,3.98,25.98,medium,low,8,namecheap,,,11/09/2026 00:03
8aeb6840-fc41-43e0-8ed4-c75b1cd01b3b,proceeding.business,available,3.31,15.73,high,low,10,spaceship,,,28/09/2026 10:14
057528af-76a2-4147-8d01-99ad3f6cf78f,fatah.business,available,3.98,25.98,medium,low,5,namecheap,,,18/09/2026 00:27
12ea8c9d-55e3-42c5-998c-5671b76b2072,undoable.business,available,3.98,25.98,medium,low,8,namecheap,,,11/09/2026 23:41
2d135f83-b854-4e58-8832-ae1b52931e3a,lifelike.business,available,3.98,25.98,high,low,8,namecheap,,,23/08/2026 01:41
88ffd582-175d-4e41-9619-7f4155665767,colorfast.business,available,3.98,25.98,medium,low,9,namecheap,,,12/08/2026 17:50
80f9ec48-ea86-468c-a530-c97c941eff36,thriving.business,resell,,,high,low,8,Dynadot Inc,01/04/2021 23:59,01/04/2027 23:59,28/09/2026 05:53
9a0c618e-b63d-44f8-85f1-19196c2aeed1,covered.business,available,19.49,19.49,high,low,7,namesilo,,,24/09/2026 00:50
1346c742-c289-418e-a8c4-39fe575b452a,provoking.business,available,3.98,25.98,high,low,9,namecheap,,,
e2dad720-aa3a-4743-a5a3-c4d79125d3fa,individual.business,resell,,,high,low,10,"Sav.com, LLC - 16",10/12/2025 15:16,10/12/2026 15:16,26/09/2026 06:51
e9dd81e1-b466-4484-a837-b6c03729bf72,calculable.business,available,3.98,25.98,medium,low,10,namecheap,,,11/08/2026 13:54
8851b469-1478-44cf-90d0-822883dc846f,teachers.business,available,3.98,25.98,high,low,8,namecheap,,,18/09/2026 18:31
c7a2108b-8b57-439c-a24d-fd506c2ad177,ibn.business,premium,16.9,16.9,medium,low,3,namecheap,,,25/09/2026 21:32
79b8eb7f-915b-4b43-9137-1e0ff3737480,character.business,premium,15.34,15.34,high,low,9,namesilo,,,24/09/2026 13:45
ae635683-9175-43c1-833b-258ca03b677f,dexterous.business,available,3.98,25.98,high,low,9,namecheap,,,13/08/2026 23:51
9be722f9-b60e-473a-b31a-666dfb36aa79,choirs.business,available,19.49,19.49,medium,low,6,namesilo,,,17/09/2026 06:51
b26a5eb2-51e3-4874-9de1-c982d8b39313,painkiller.business,available,3.98,25.98,high,low,10,namecheap,,,
4692c1ef-418a-4277-bb23-43ec71b0bde1,eudaemonia.business,available,3.98,25.98,high,low,10,namecheap,,,12/09/2026 22:59
442d4548-8d4e-4699-a44d-b9db00c8cf4e,cared.business,available,3.98,25.98,medium,low,5,namecheap,,,25/09/2026 19:49
f3ee0e44-64c6-4024-a156-ad23f786a2f9,dispenser.business,available,19.49,19.49,high,low,9,namesilo,,,24/09/2026 22:56
c4a4ba84-7a35-4f60-8065-6cccc240b1c8,comfortably.business,available,3.99,,high,low,11,name.com,,,
c62f47e4-dc4d-4ab0-8a88-bd045d8b677d,bedhead.business,available,3.99,,medium,low,8,name.com,,,
9f1a85b8-2c9c-4795-848a-3869b95f4849,wash.business,available,3.31,15.73,high,low,4,spaceship,,,29/09/2026 00:22
b4b59fab-9746-49d1-b6b2-5c5128f6e0e6,miriam.business,available,3.31,15.73,high,low,6,spaceship,,,28/09/2026 03:46
58441eb0-a14d-4be0-bf7e-f682b4a53019,aspirer.business,available,3.98,25.98,medium,low,7,namecheap,,,07/08/2026 05:12
3716e379-3186-4f8b-995e-1fe991458e8a,antefix.business,available,19.49,19.49,medium,low,7,namesilo,,,19/09/2026 12:49
46a8a3ad-99fb-499c-bab9-2c59f9cb1d7a,relationships.business,premium,128.7,128.7,medium,low,13,namecheap,,,17/09/2026 20:15
2ef6d5f0-4645-43a1-8f72-1df684e52b96,lapse.business,available,19.49,19.49,high,low,5,namesilo,,,27/09/2026 14:20
10247fca-062f-4ff9-b058-e0938e5d3d69,thinly.business,available,3.98,25.98,medium,low,6,namecheap,,,11/09/2026 13:26
192dbabb-7f6f-4994-8119-778f97aa5a2e,alacrity.business,available,3.98,25.98,high,low,8,namecheap,,,18/09/2026 01:37
d8b00176-c7c9-4f67-9835-41cf2d6325d4,alfalfa.business,available,19.49,19.49,high,low,7,namesilo,,,18/09/2026 06:07
a9c5b11c-1d5d-4f0a-8877-e8e08f2f6f22,pizarro.business,available,3.31,15.73,medium,low,7,spaceship,,,30/09/2026 01:41
a2ba8f72-be87-4c25-be03-426b10de5855,right.business,premium,118.8,118.8,high,low,5,namesilo,,,23/09/2026 23:38
64d5f946-5d1f-4733-8afd-b5ec0ec67efc,directed.business,available,19.49,19.49,high,low,8,namesilo,,,24/09/2026 10:49
98422df3-ef67-4a9b-a3aa-3084f349b0eb,moonless.business,available,3.98,25.98,medium,low,8,namecheap,,,25/08/2026 05:54
71e7ce15-a9fe-4dd7-9b06-7a461c066dc7,unlicensed.business,available,3.98,25.98,medium,low,10,namecheap,,,11/09/2026 23:37
db79965d-95c1-422c-a7ad-9916c887afee,blythe.business,available,15.2,15.2,high,low,6,cloudflare,,,29/09/2026 23:30
92c60e48-fde0-4e65-853c-9ead7943fb41,aversion.business,available,3.98,25.98,medium,low,8,namecheap,,,19/09/2026 14:54
f598c192-0e30-4d90-854b-8a58b49137dc,jamaican.business,premium,118.8,118.8,high,low,8,namesilo,,,22/08/2026 12:11
ed3dcb76-81be-4443-ac83-787be16c45fa,advertise.business,resell,,,high,low,9,,,,29/09/2026 20:39
9400d296-fbfc-48aa-9aab-660758643d0c,idle.business,available,,,high,low,4,,,,
b248f076-3763-423e-a4bb-662175ab1ffd,astrologer.business,available,3.98,25.98,high,low,10,namecheap,,,20/09/2026 17:47
58f34dfa-26e7-45f7-909e-232f51036b44,teaching.business,premium,128.7,128.7,high,low,8,namecheap,,,24/09/2026 22:15
612fc34d-ca30-4338-a1a8-4b58561cd0d9,equally.business,available,3.31,15.73,medium,low,7,spaceship,,,28/09/2026 12:20
f02011b5-95d2-487c-b84d-23b01cb82eb6,grands.business,available,19.49,19.49,medium,low,6,namesilo,,,20/09/2026 04:57
3d017943-b10f-45b5-85a1-5983de902e1b,spaniards.business,available,3.98,25.98,medium,low,9,namecheap,,,30/09/2026 23:47
c1af9ece-3281-49a6-9dc7-4416a227e539,yeoman.business,available,19.49,19.49,medium,low,6,namesilo,,,23/09/2026 01:07
5c4be9be-f021-4f94-875d-90085656d449,overeasy.business,available,19.49,19.49,medium,low,9,namesilo,,,16/09/2026 17:44
227e1f7c-758d-4779-b57f-657076dcb00c,wanda.business,premium,13.66,13.66,medium,low,5,spaceship,,,28/09/2026 07:42
93991353-cce6-44ba-ad32-484c51232873,bangor.business,available,19.49,19.49,high,low,6,namesilo,,,22/09/2026 01:58
117a3950-6a23-4e76-90a2-2023e9fb21c4,jammed.business,available,3.98,25.98,medium,low,6,namecheap,,,22/08/2026 12:07
cbfed0d4-0ddb-4ea3-8821-669214d91b83,spaulding.business,available,3.31,15.73,high,low,9,spaceship,,,29/09/2026 11:11
00ce8095-067f-437a-9f40-6b8352caf392,might.business,available,3.98,25.98,high,low,5,namecheap,,,30/09/2026 04:30
0c5a3d9a-1519-42a5-90de-7d6218ef56c0,wedded.business,available,3.98,25.98,high,low,6,namecheap,,,13/09/2026 09:30
0e7cd7ea-4565-4204-b2b7-dec7d4a09f6f,denise.business,available,19.49,19.49,medium,low,6,namesilo,,,25/09/2026 14:19
bee1a978-3785-47aa-ac86-2ded97de7869,higher.business,available,15.34,15.34,high,low,6,namesilo,,,01/10/2026 02:01
d24e69a2-7921-4a93-9b2c-3de988647b7a,detectives.business,available,2.5,16.27,medium,low,10,dynadot,,,28/09/2026 05:09
74cb3d1f-32ea-4b41-a958-278d1c2db56c,atrophic.business,available,3.98,25.98,medium,low,8,namecheap,,,07/08/2026 14:52
ad7e4fb6-cd93-4d58-9229-baee5061b35a,blueness.business,available,3.98,25.98,high,low,8,namecheap,,,10/08/2026 15:51
aa694483-d53b-4910-b4a1-5bc85bc082d8,subscribe.business,premium,15.34,15.34,high,low,9,namesilo,,,27/09/2026 22:05
636a789f-ad8b-4c7b-800a-9c2d1528b863,securing.business,premium,18.2,18.2,medium,low,8,namecheap,,,
6d66a314-4172-4702-9caf-1c41d4556cb7,selangor.business,available,3.31,15.73,medium,low,8,spaceship,,,30/09/2026 20:45
a1240ffd-298b-4060-ab3f-3d7b43b1613d,stationed.business,available,19.49,19.49,medium,low,9,namesilo,,,28/09/2026 17:32
5e430c84-cada-4e6f-8b0e-9e14e4ecb082,ruined.business,available,19.49,19.49,medium,low,6,namesilo,,,27/09/2026 16:41
6f099144-f001-4c53-af2c-10e23b91d894,truro.business,available,19.49,19.49,medium,low,5,namesilo,,,30/09/2026 13:15
6f598bc5-9f73-406c-967f-d6228524858a,resentful.business,available,3.98,25.98,medium,low,9,namecheap,,,09/09/2026 14:48
256a084e-c09d-432d-8160-5ff23c3271ce,card.business,premium,34.36,34.36,high,medium,4,spaceship,,,28/09/2026 18:21
d4297555-349b-4227-a98f-decaaf6b5304,payload.business,available,19.49,19.49,high,low,7,namesilo,,,30/09/2026 08:58
e0f271a1-dd67-4025-a689-7aebd7c7d717,studios.business,available,3.98,25.98,medium,low,7,namecheap,,,18/09/2026 18:25
54442397-17e4-479b-8d55-e5db10f823a8,academic.business,premium,118.8,118.8,high,low,8,namesilo,,,21/09/2026 15:21
207bcfb4-6177-45ff-9e45-f92cd4430d3e,annulus.business,available,19.49,19.49,medium,low,7,namesilo,,,19/09/2026 03:40
c16f8683-9047-456f-b49c-f6dd3e6ccb4a,deadening.business,available,3.98,25.98,medium,low,9,namecheap,,,10/08/2026 19:57
3c5726ec-667c-4264-af7e-ead2bd29890e,unshoed.business,available,3.98,25.98,low,low,7,namecheap,,,12/09/2026 19:51
059d041b-1d22-4e3e-9f5b-4312b1f53825,rink.business,available,3.31,15.73,high,low,4,spaceship,,,01/10/2026 03:34
e00027fa-c67c-4574-b245-1bfe2dbff49b,confirmed.business,available,3.98,25.98,high,low,9,namecheap,,,23/09/2026 19:53
0f19a2e0-fd59-4d8e-bab6-e0f0d7da4c6a,gave.business,available,3.99,,medium,low,4,name.com,,,
f7792ea7-dcbb-4103-bef7-bb4fb2ecaffb,millimeter.business,available,3.31,15.73,high,low,10,spaceship,,,30/09/2026 18:02
e2a75e32-0391-4196-8e09-5a9e27bab973,grandpas.business,available,19.49,19.49,medium,low,8,namesilo,,,21/09/2026 09:18
666f0a98-474f-4d5a-ab60-fd262b0e071a,brinjal.business,available,3.98,25.98,medium,low,7,namecheap,,,21/09/2026 02:34
bdab9c05-8836-43d3-9671-115038e831a0,usance.business,available,3.98,25.98,high,low,6,namecheap,,,13/08/2026 12:25
155cd060-a7d5-48e9-978c-2318e11091c7,ashley.business,available,19.49,19.49,high,low,6,namesilo,,,25/09/2026 17:12
69a6f10d-7907-46ab-a2e4-2f5cf19a67c0,sur.business,premium,102.67,102.67,high,low,3,spaceship,,,01/10/2026 03:57
4fa7740c-d3bd-4dad-884a-95b92e98cad6,nutritive.business,available,3.98,25.98,high,low,9,namecheap,,,08/09/2026 09:04
f032d65b-5364-4eb8-ac43-e9ae839e2af5,intoxicated.business,available,19.49,19.49,medium,low,11,namesilo,,,30/09/2026 03:42
c5976308-4533-4820-b839-fa2b643945e6,bcs.business,premium,14.3,16.27,high,low,3,dynadot,,,29/09/2026 15:15
a702f05e-aa5c-43d2-a9c7-54c23f856e98,slaty.business,available,3.98,25.98,medium,low,5,namecheap,,,10/09/2026 10:19
c2a7251c-eeb1-47dc-8756-a6b3b2ee6138,verbatim.business,available,3.98,25.98,high,low,8,namecheap,,,13/09/2026 02:21
130983eb-766e-4152-a2c3-e91140cda5e4,pollock.business,available,19.49,19.49,high,low,7,namesilo,,,29/09/2026 13:11
82b2265b-069c-4cd3-a0e1-ed4d567f711d,discounter.business,available,3.31,15.73,high,low,10,spaceship,,,28/09/2026 02:50
9022ed85-a038-4dbc-8900-c088d8cfa59e,dyck.business,available,19.49,19.49,medium,low,4,namesilo,,,30/09/2026 21:56
b71cfb05-a6dc-4746-8327-975806ea7adc,deleted.business,available,15.2,15.2,medium,low,7,cloudflare,,,29/09/2026 21:19
67249b53-af01-4029-9662-2b36310a4c95,frustrating.business,available,19.49,19.49,medium,low,11,namesilo,,,29/09/2026 14:46
6f30d2cf-e929-4eef-a0a2-518954b8aaf8,mackay.business,available,19.49,19.49,medium,low,6,namesilo,,,25/09/2026 16:20
1f5b1560-72c7-4796-a1bd-d415885c4c33,unworthy.business,available,3.98,25.98,medium,low,8,namecheap,,,14/08/2026 04:05
65953ed0-9e19-4e97-ab88-824b9bf50f7b,girth.business,available,2.57,15.96,high,low,5,porkbun,,,29/09/2026 09:10
e37032b5-a65c-4024-bb98-19f2453b2920,jansen.business,available,3.31,15.73,medium,low,6,spaceship,,,28/09/2026 18:46
17f8fcde-567f-49be-9514-15683f0d105f,sloshed.business,available,3.98,25.98,low,low,7,namecheap,,,09/08/2026 15:48
802ce9e2-51d4-42df-ac8b-d753c67a4c16,bungalow.business,available,19.49,19.49,high,low,8,namesilo,,,24/09/2026 11:15
e1a40f03-3694-43df-92ef-2bfaa79ca642,injustice.business,available,19.49,19.49,medium,low,9,namesilo,,,28/09/2026 14:31
2707e4d9-ab45-497e-8e5c-51a3c352aa26,murderers.business,available,2.5,16.27,low,low,9,dynadot,,,28/09/2026 23:41
9eda21d4-4eb6-42c7-8a83-de0041997017,ross.business,premium,38.94,38.94,high,low,4,namesilo,,,23/09/2026 11:35
72a98fa3-c331-48a5-bc78-ed863e037ec7,fist.business,available,2.5,16.27,high,low,4,dynadot,,,29/09/2026 09:58
3ad395b7-c50d-4f9b-b8a2-b3164f04bc55,quarterly.business,available,3.98,25.98,high,low,9,namecheap,,,09/09/2026 07:37
a38b61b2-63c3-4e08-8044-14507d091093,tonight.business,available,19.49,19.49,high,low,7,namesilo,,,30/09/2026 14:14
ddadffb2-bee4-4e48-8a06-f506198e0885,battue.business,available,19.49,19.49,medium,low,6,namesilo,,,22/09/2026 16:30
8bd3f059-0e32-4ec8-9491-0e50f338e7e4,equation.business,available,3.31,15.73,high,low,8,spaceship,,,28/09/2026 19:06
b91800d2-d944-4743-9be8-77e7a315df22,bengal.business,available,19.49,19.49,high,low,6,namesilo,,,23/09/2026 07:59
5c6cc947-cac3-44a2-bf0e-961e0056f8a2,bump.business,available,2.5,16.27,high,low,4,dynadot,,,29/09/2026 05:15
a4b112e8-56c9-4b6c-8b17-140563dad3c7,factual.business,available,3.98,25.98,high,low,7,namecheap,,,17/08/2026 20:31
18311c83-59d2-4ea4-af0b-4722d933d833,derriere.business,available,3.98,25.98,low,low,8,namecheap,,,09/08/2026 11:55
1fcf105e-f815-4221-97cf-a2a3e87f0ded,disbelief.business,available,19.49,19.49,medium,low,9,namesilo,,,24/09/2026 22:29
c721f1cb-e0b0-449d-b738-e091e97b2d6a,judith.business,available,19.49,19.49,high,low,6,namesilo,,,28/09/2026 05:18
07be4c6d-a81e-4fad-8011-5c9012b45ba7,reducing.business,available,3.31,15.73,high,low,8,spaceship,,,29/09/2026 07:56
4d026eed-a698-48cc-a7d6-c2b4c4bd7ac1,autopilot.business,resell,,,high,low,9,Dynadot Inc,06/02/2026 17:00,06/02/2027 17:00,26/09/2026 04:09
86404ccb-7ede-4bbf-a1c9-1dafd275526f,optimally.business,available,3.98,25.98,high,low,9,namecheap,,,15/09/2026 18:05
cd642186-5dbd-45fe-9ded-f90510ff7f2f,illusory.business,available,3.98,25.98,medium,low,8,namecheap,,,21/08/2026 20:15
d5395a24-b449-4bdc-bdf9-3f187a1e372f,sunstruck.business,available,3.98,25.98,medium,low,9,namecheap,,,11/09/2026 02:01
439c7645-a954-463b-998c-2e7e602ef9ed,mincing.business,available,3.99,27.99,medium,low,7,name.com,,,13/08/2026 15:43
a45e6a6e-46ff-4299-aadb-b81e8f04e63a,unlucky.business,available,3.98,25.98,medium,low,7,namecheap,,,21/08/2026 19:11
07fa5d6e-3396-4c90-a376-882997d86f40,bona.business,available,3.31,15.73,high,low,4,spaceship,,,01/10/2026 04:55
d9912c4f-7d17-4767-ac3a-c78a3b11550a,agiotage.business,available,3.98,25.98,high,low,8,namecheap,,,17/09/2026 18:03
785f8063-d8c0-4c63-92bf-480a7d43fafa,dogwoods.business,available,3.99,27.99,medium,low,8,name.com,,,20/09/2026 13:05
e64d9983-11a8-4b89-9378-406a59b02c05,godzilla.business,available,,,high,medium,8,,,,
16ff999b-13e3-449e-870f-f12fb9b56c83,bissau.business,available,19.49,19.49,medium,low,6,namesilo,,,23/09/2026 22:06
f4aaa916-d2a4-4b26-9a2c-c2ff1bf6de66,bypast.business,available,3.98,25.98,medium,low,6,namecheap,,,11/08/2026 12:08
646a71f0-7455-4ac2-a91f-4960d1c10ebd,baisa.business,available,3.99,27.99,medium,low,5,name.com,,,21/09/2026 19:36
6a34ee74-fe78-4e17-9af9-5eaaadbf8460,abides.business,available,19.49,19.49,medium,low,6,namesilo,,,18/09/2026 17:00
71af48db-31e8-4adb-9021-24a932ccda52,clarkson.business,available,19.49,19.49,medium,low,8,namesilo,,,27/09/2026 01:50
5803d47e-29a5-4f2f-90da-028bca0bf104,bud.business,premium,34.36,34.36,high,low,3,spaceship,,,29/09/2026 04:58
9a5d2946-ad3e-4668-9ab9-63d183ad9678,matutinal.business,available,3.98,25.98,medium,low,9,namecheap,,,24/08/2026 17:33
9cfa5965-952b-4cf0-b123-8dcfd10f18ed,synthetic.business,resell,,,high,low,9,Dynadot Inc,19/03/2022 01:46,19/03/2027 01:46,26/09/2026 09:28
73baa255-cfb9-4792-898e-d2f2a5ef645d,abdominal.business,available,3.98,25.98,high,low,9,namecheap,,,21/09/2026 13:47
cafee023-bff7-443d-80b2-b84fd3e12f50,ipsus.business,available,3.98,25.98,medium,low,5,namecheap,,,22/09/2026 15:09
896617ab-bc80-410e-ac44-4cc502f9c7fd,ellison.business,available,19.49,19.49,medium,low,7,namesilo,,,27/09/2026 03:49
b7d7583d-5c66-46b2-9258-c43e52f30c54,lott.business,available,15.2,15.2,medium,low,4,cloudflare,,,29/09/2026 04:28
9b69b641-772c-4543-977b-5770affa8431,ostensibly.business,available,3.98,25.98,medium,low,10,namecheap,,,13/09/2026 20:26
7084f76e-72cf-4662-8025-20d4330cdffe,reflects.business,available,3.98,25.98,medium,low,8,namecheap,,,17/09/2026 15:27
4c6a3925-bcad-4a2b-b45c-da2dad171171,photic.business,available,3.98,25.98,high,low,6,namecheap,,,08/09/2026 19:17
107edd66-24fa-404c-9af8-2ad69333d97f,romanist.business,available,3.98,25.98,medium,low,8,namecheap,,,05/09/2026 01:28
5d978eb0-af45-48da-898f-d028c3eeb4a9,attacker.business,available,3.98,25.98,high,low,8,namecheap,,,17/09/2026 17:41
8c14f274-6ed4-47bd-815c-b7331f52c537,crate.business,available,3.98,25.98,high,low,5,namecheap,,,24/09/2026 19:07
c44c333b-9214-4c1e-b6d2-18c13999c2a5,caprice.business,available,19.49,19.49,high,low,7,namesilo,,,24/09/2026 12:38
e195f538-b2b9-42e5-bb6a-360f901b54c1,concentrate.business,available,19.49,19.49,high,low,11,namesilo,,,26/09/2026 00:53
12dc1551-b5cb-4d11-82cc-e706547bc485,cuban.business,premium,118.8,118.8,high,low,5,namesilo,,,13/08/2026 09:47
df70b413-19e5-4bd7-9a49-c40c6516cfaa,clx.business,premium,15.34,15.34,medium,low,3,namesilo,,,
12249a81-ac59-4602-b0dd-374228930e49,equivalent.business,available,19.49,19.49,high,low,10,namesilo,,,24/09/2026 14:50
3ababb22-e6f8-44cb-8ec6-1172d58975c6,catalyst.business,resell,,,high,medium,8,,,,29/09/2026 18:16
0e1e83c0-a6dc-40df-b4c0-3601745dab20,complaining.business,available,15.2,15.2,high,low,11,cloudflare,,,27/09/2026 17:47
9f04aed8-b35e-432f-acb5-5f9e0f614157,tatum.business,available,19.49,19.49,high,low,5,namesilo,,,20/09/2026 10:00
f506ba79-bd53-4965-9047-40b644bd55ad,battler.business,available,3.98,25.98,medium,low,7,namecheap,,,09/08/2026 13:32
d8f06eea-16f9-4695-9bfb-bdfbdd931aab,airborne.business,available,3.98,25.98,high,low,8,namecheap,,,
955238ca-131d-4139-a27b-37b4118cf0fd,deputy.business,available,3.31,15.73,high,low,6,spaceship,,,29/09/2026 14:04
41a73db5-6a23-4db0-a0af-de3e21d7b43a,monkeypod.business,available,19.49,19.49,medium,low,9,namesilo,,,18/09/2026 03:14
f80ba2a5-27e5-4cd1-b313-371f7d5be6e4,shut.business,available,3.98,25.98,high,low,4,namecheap,,,12/08/2026 12:10
f4820f12-4903-4443-a86c-5831b5e8b82c,unhuman.business,available,3.98,25.98,medium,low,7,namecheap,,,14/08/2026 00:04
9d254356-ad8e-47f8-9499-847dce7fcb24,renaissance.business,resell,,,high,low,11,,,,29/09/2026 02:57
9b5fc139-a96a-4a72-9422-e5e825577b79,zippo.business,premium,15.34,15.34,high,low,5,namesilo,,,03/09/2026 22:45
61ecf8e3-81ec-494c-acfc-21eec1158a1e,travelable.business,available,3.98,25.98,medium,low,10,namecheap,,,11/09/2026 19:05
5e0ccbf3-b302-4fa7-a869-c52b6af59c17,lovers.business,available,19.49,19.49,high,low,6,namesilo,,,27/09/2026 02:55
0aeeb4b2-2b6d-469f-ae3a-f8025a996438,valueable.business,available,3.99,,medium,low,9,name.com,,,
83405e7e-de77-4100-802a-840769189753,msu.business,available,15.34,15.34,high,low,3,namesilo,,,29/09/2026 09:17
cd89e438-bd9d-40e0-8882-d62f37f4b380,aground.business,available,3.98,25.98,medium,low,7,namecheap,,,
065c639c-3e09-4972-9dbf-98799b283e52,homespun.business,available,3.98,25.98,high,low,8,namecheap,,,13/08/2026 04:23
77dd6e55-b0b8-4643-a7f9-c44b3e13a7d7,funerals.business,available,15.2,15.2,medium,low,8,cloudflare,,,29/09/2026 17:32
b1ef6d6e-fdab-4559-bc19-5f449655726d,working.business,premium,15.34,15.34,high,low,7,namesilo,,,19/09/2026 07:09
7c92879c-16d6-4f69-a33e-d2cc72e9a32f,riverdale.business,premium,13.66,13.66,high,low,9,spaceship,,,30/09/2026 05:42
4b371d5e-c57f-4b70-8005-b06e097a6dfb,munition.business,available,19.49,19.49,high,low,8,namesilo,,,20/09/2026 07:44
8a454633-febf-450b-96eb-4b73215b15ea,devilish.business,available,3.98,25.98,medium,low,8,namecheap,,,14/08/2026 05:06
a147b489-da01-4c0d-a085-92280ca8add1,thanked.business,available,3.31,15.73,medium,low,7,spaceship,,,29/09/2026 05:27
d4bad46e-6ce2-42d5-b507-91534129b231,tatty.business,available,3.98,25.98,medium,low,5,namecheap,,,18/08/2026 06:42
ff2c9537-d877-4d17-b3a0-64a04bc92498,access.business,resell,,,high,medium,6,Dynadot Inc,02/03/2018 19:38,02/03/2027 19:38,26/09/2026 01:20
1c962e64-8600-4adc-b5ae-df6fb402a9e2,cad.business,premium,38.94,38.94,high,low,3,namesilo,,,24/09/2026 02:18
aa08c2fc-9711-42b0-913b-60cab0225a84,esthetical.business,available,3.98,25.98,medium,low,10,namecheap,,,21/09/2026 21:22
c93a777a-2dff-4b83-892d-90cc5bc3a6a7,rgb.business,premium,15.34,15.34,high,low,3,namesilo,,,
1ee707cb-f083-4365-bf16-5b9f176500cb,kimberly.business,available,15.2,15.2,medium,low,8,cloudflare,,,28/09/2026 08:56
9211773b-efd3-46b1-8f95-beaaef882f3f,endo.business,available,3.31,15.73,high,low,4,spaceship,,,01/10/2026 05:47
a525f631-8f26-46e0-996d-a3e37b7cb784,weedless.business,available,3.98,25.98,medium,low,8,namecheap,,,13/09/2026 10:00
0645fa42-d3c3-44f8-b2e7-6d07a1ab84b8,timbered.business,available,3.98,25.98,medium,low,8,namecheap,,,11/09/2026 15:59
593c309e-21bf-4d98-9d52-f34aa48ea4aa,paperback.business,available,19.49,19.49,high,low,9,namesilo,,,27/09/2026 02:40
1983c7a3-fb84-4be5-a3eb-b9abbb1474e6,instincts.business,available,2.5,16.27,low,low,9,dynadot,,,28/09/2026 17:50
2dd2dffa-8913-4fc8-a20f-6495c4588d55,lying.business,available,15.2,15.2,high,low,5,cloudflare,,,30/09/2026 03:38
dbcb0dfb-7810-4733-aa03-79193f9cf69f,rag.business,premium,128.7,128.7,high,low,3,namecheap,,,24/09/2026 12:22
638a1604-10c9-4808-bbf2-68bd189af90a,floyd.business,available,3.98,25.98,high,low,5,namecheap,,,25/09/2026 19:20
69016fd1-1f98-4623-98e7-6b658c1f0b0e,aldo.business,available,2.57,15.96,high,low,4,porkbun,,,29/09/2026 04:10
3d7dc25e-e50c-4494-951c-87bdf9182893,neotropical.business,available,19.49,19.49,medium,low,11,namesilo,,,01/10/2026 05:24
bc5abfd1-4b46-4a77-ac04-ef94a3af645c,idly.business,available,3.98,25.98,high,low,4,namecheap,,,15/09/2026 01:38
3e25dada-0dae-4ce9-b557-60fd4189744e,unsung.business,available,3.98,25.98,medium,low,6,namecheap,,,12/09/2026 20:49
8072bfce-14a3-4589-80ab-328a734c4f97,eighth.business,available,3.98,25.98,high,low,6,namecheap,,,
d9169b51-a8aa-4b83-8189-a97e227862f8,balcony.business,available,3.98,25.98,high,low,7,namecheap,,,21/09/2026 21:28
72fe153b-889b-45f5-81c5-fe1305fd595e,polluted.business,available,3.98,25.98,medium,low,8,namecheap,,,08/09/2026 23:08
6309a1dd-1a33-46bc-aa29-b13573eaee32,pail.business,available,3.31,15.73,medium,low,4,spaceship,,,29/09/2026 04:55
ca3131e2-ce5a-41d0-a989-2bdb6995b495,endovenous.business,available,3.98,25.98,medium,low,10,namecheap,,,17/08/2026 01:21
3d20d6ad-cadb-451c-9fbf-0e2bc4e0eeaa,shod.business,available,3.98,25.98,medium,low,4,namecheap,,,11/08/2026 13:43
37878e30-ad7b-477b-af18-1f4143f44a77,analyzing.business,available,19.49,19.49,medium,low,9,namesilo,,,29/09/2026 10:50
79f2945a-0ed0-4947-85f5-2ceed456517e,oran.business,available,19.49,19.49,medium,low,4,namesilo,,,29/09/2026 07:47
aadd2e37-de9c-46c0-84c5-fd97837ac00b,laughter.business,available,15.2,15.2,high,low,8,cloudflare,,,30/09/2026 02:09
f299ef87-74af-44cb-bb8d-d2a51f6fe563,lining.business,available,19.49,19.49,high,low,6,namesilo,,,28/09/2026 06:11
09e448e6-0b35-4723-8861-f58bba2674b0,orphanage.business,available,19.49,19.49,medium,low,9,namesilo,,,28/09/2026 10:38
a558aa33-84c3-471b-abf8-6402309aa27a,haptic.business,available,3.98,25.98,medium,low,6,namecheap,,,21/08/2026 00:01
59ff4af0-adca-4a58-9c2f-511fa80f4001,amusingly.business,available,3.98,25.98,medium,low,9,namecheap,,,13/09/2026 19:40
260c522c-89e9-4527-9566-0d7bae17b744,cognisant.business,available,3.98,25.98,medium,low,9,namecheap,,,08/08/2026 00:18
5326ac1b-c3bb-474d-8dca-9f7938d2e67e,favours.business,available,3.98,25.98,medium,low,7,namecheap,,,17/09/2026 23:24
035c394a-efcb-4ffd-a081-8706bfbd812a,drinks.business,premium,118.8,118.8,high,low,6,namesilo,,,25/09/2026 17:32
e92e2b91-0371-403c-8b46-6682a7c7451d,roadless.business,available,3.98,25.98,medium,low,8,namecheap,,,08/09/2026 10:27
091dd1ca-cebd-4046-9a35-607dd9125e37,acre.business,premium,14.3,16.27,high,low,4,dynadot,,,28/09/2026 17:21
e24aa443-de38-4773-874a-edf19fe35399,hire.business,resell,,,high,low,4,"GoDaddy.com, LLC",10/06/2021 22:16,10/06/2027 22:16,26/09/2026 06:40
c68808da-ab7a-4010-8d1b-0c491c61f57c,bleachers.business,available,19.49,19.49,high,low,9,namesilo,,,24/09/2026 05:18
71eb8bb5-c023-46e5-8c4e-c56f8dec5fe4,katanga.business,available,3.31,15.73,medium,low,7,spaceship,,,30/09/2026 21:27
7098293a-f01e-4a4b-a333-051252f0d3ba,paprika.business,available,19.49,19.49,high,low,7,namesilo,,,23/09/2026 05:39
6c62589f-0129-4042-9de4-424c90e1e2a3,sintered.business,available,3.98,25.98,medium,low,8,namecheap,,,10/09/2026 08:34
e25295a6-7984-4e9e-b422-27f3e9d0fa32,hostages.business,available,3.31,15.73,medium,low,8,spaceship,,,27/09/2026 11:30
99285e0f-2740-42c7-96f4-4ccb4d49f962,trepid.business,available,3.98,25.98,medium,low,6,namecheap,,,11/09/2026 16:07
af855f3c-8b67-475a-82e1-3ddf608d8b91,alarming.business,available,3.98,25.98,medium,low,8,namecheap,,,
457db15e-f50e-4a72-8970-47fca483d6e0,manlike.business,available,3.98,25.98,medium,low,7,namecheap,,,24/08/2026 14:48
9efafc05-d349-4d28-acda-2511cdbe7bb4,austenite.business,available,3.98,25.98,medium,low,9,namecheap,,,21/09/2026 04:39
9ed07fc9-cec8-433e-8595-f1ad438fde2d,leaky.business,available,3.98,25.98,medium,low,5,namecheap,,,22/08/2026 22:01
2c6edbc6-4dd3-4f24-8e2f-884f0a7cf330,strung.business,available,3.98,25.98,medium,low,6,namecheap,,,10/09/2026 22:54
7dd956e2-e82d-4422-baca-dd2cd5ca69b2,atonement.business,available,19.49,19.49,high,low,9,namesilo,,,21/09/2026 00:28
3d9f6a60-2401-4c84-9e35-570187cd7dd0,uncivil.business,available,3.98,25.98,medium,low,7,namecheap,,,12/09/2026 05:12
6c2b6058-2a0c-455f-9dd3-6881842a3adf,away.business,resell,,,high,low,4,"Spaceship, Inc.",17/03/2022 09:40,17/03/2027 09:40,26/09/2026 04:10
c547ae6d-7f63-472f-a060-12534d190597,waited.business,available,19.49,19.49,medium,low,6,namesilo,,,18/09/2026 01:45
8f360d7b-92f0-4dff-ada6-6f8ad4cf2c0f,eviscerate.business,available,3.98,25.98,medium,low,10,namecheap,,,17/08/2026 15:10
4938093a-9e9f-4d5f-a735-76edf2e1b237,implications.business,available,2.5,16.27,medium,low,12,dynadot,,,29/09/2026 17:18
b440ac09-4e24-4b39-b033-cb4085e32ef9,snapped.business,available,19.49,19.49,medium,low,7,namesilo,,,18/09/2026 06:52
a9d26b50-58be-41f2-900f-823d46bad07a,hoover.business,available,2.57,15.96,high,low,6,porkbun,,,30/09/2026 17:36
96f8fa1b-b752-4bcc-a648-ce14a8f0ed0e,associate.business,premium,118.8,118.8,high,low,9,namesilo,,,07/08/2026 06:50
bdf380c3-a8da-42da-9395-f8e8adcec7f0,alcea.business,available,19.49,19.49,high,low,5,namesilo,,,18/09/2026 03:52
c338d824-7c60-4993-bb2a-d168a7a70413,baikal.business,available,3.98,25.98,high,low,6,namecheap,,,21/09/2026 18:54
0ccd1614-a3e8-4f96-8471-315f9d0aee1f,limp.business,available,3.98,25.98,medium,low,4,namecheap,,,23/08/2026 12:39
9b1af36a-9e54-419a-a1d1-7fe072788814,lucidly.business,available,3.98,25.98,medium,low,7,namecheap,,,15/09/2026 12:12
a2e6ebd9-a03a-469e-9c1f-af1a23534b0f,department.business,available,2.5,16.27,high,low,10,dynadot,,,29/09/2026 14:02